mean_color_change,max_color_change,std_color_change,green_decrease,brightness_change,num_buildings,num_roads,has_building_damage,pre_filename,post_filename,tile,cluster
0.11674004,0.9647059,0.10019721,0.056925345,0.04224424,37,8,False,105001001A0FFC00_0_10_2.tif,10300100C46F5900_0_10_2.tif,0_10_2,2
0.14804764,0.8901961,0.127405,-0.039994277,-0.02925759,7,4,False,105001001A0FFC00_0_10_3.tif,10300100C46F5900_0_10_3.tif,0_10_3,0
0.22003762,0.972549,0.161125,0.057748504,0.072069526,6,1,False,105001001A0FFC00_0_11_15.tif,10300100C46F5900_0_11_15.tif,0_11_15,0
0.09907057,0.9647059,0.081375174,-0.02763246,-0.017866105,0,1,False,105001001A0FFC00_0_11_16.tif,10300100C46F5900_0_11_16.tif,0_11_16,0
0.1937694,0.92941177,0.14114827,0.14343598,0.15035056,28,11,False,105001001A0FFC00_0_11_2.tif,10300100C46F5900_0_11_2.tif,0_11_2,2
0.11471573,0.92941177,0.09637735,0.052603696,0.04817521,88,12,False,105001001A0FFC00_0_11_3.tif,10300100C46F5900_0_11_3.tif,0_11_3,2
0.21661155,0.85490197,0.17610422,0.11506728,0.11891956,32,3,False,105001001A0FFC00_0_11_4.tif,10300100C46F5900_0_11_4.tif,0_11_4,0
0.17705771,0.9647059,0.14952007,0.0051767584,0.030410027,4,3,False,105001001A0FFC00_0_12_13.tif,10300100C46F5900_0_12_13.tif,0_12_13,0
0.20616035,0.99607843,0.13826732,0.17967881,0.1733824,1,1,False,105001001A0FFC00_0_12_14.tif,10300100C46F5900_0_12_14.tif,0_12_14,0
0.16150841,0.92941177,0.11716743,0.048466656,0.069692984,0,2,False,105001001A0FFC00_0_12_15.tif,10300100C46F5900_0_12_15.tif,0_12_15,0
0.13804069,0.9137255,0.112150386,-0.07814837,-0.057726685,7,5,False,105001001A0FFC00_0_12_16.tif,10300100C46F5900_0_12_16.tif,0_12_16,0
0.29453132,0.8862745,0.10251601,0.28859192,0.29451698,0,1,False,105001001A0FFC00_0_12_2.tif,10300100C46F5900_0_12_2.tif,0_12_2,1
0.18131045,0.93333334,0.12989779,0.10193469,0.10488754,47,15,False,105001001A0FFC00_0_12_3.tif,10300100C46F5900_0_12_3.tif,0_12_3,2
0.13926896,0.8784314,0.10340901,-0.10415245,-0.090330124,49,11,False,105001001A0FFC00_0_12_4.tif,10300100C46F5900_0_12_4.tif,0_12_4,2
0.22889061,0.7607843,0.15127163,0.14967348,0.1443632,14,3,False,105001001A0FFC00_0_12_5.tif,10300100C46F5900_0_12_5.tif,0_12_5,0
0.29977816,1.0,0.14976218,0.34907877,0.2938842,31,1,False,105001001A0FFC00_0_13_1.tif,10300100C46F5900_0_13_1.tif,0_13_1,1
0.16963461,0.96862745,0.12627295,0.04385379,0.033890303,0,4,False,105001001A0FFC00_0_13_15.tif,10300100C46F5900_0_13_15.tif,0_13_15,0
0.2099847,0.8352941,0.1427094,-0.15889926,-0.15139747,3,2,False,105001001A0FFC00_0_13_16.tif,10300100C46F5900_0_13_16.tif,0_13_16,0
0.30530086,0.9529412,0.19325528,0.23558259,0.24094857,0,2,False,105001001A0FFC00_0_13_17.tif,10300100C46F5900_0_13_17.tif,0_13_17,1
0.20659441,0.7647059,0.080026425,0.16158676,0.15081897,11,2,False,105001001A0FFC00_0_13_2.tif,10300100C46F5900_0_13_2.tif,0_13_2,0
0.25869092,0.9098039,0.10089181,0.21531597,0.21976222,5,3,False,105001001A0FFC00_0_13_3.tif,10300100C46F5900_0_13_3.tif,0_13_3,0
0.18385628,0.9529412,0.13460433,-0.061567437,-0.04817367,79,21,False,105001001A0FFC00_0_13_4.tif,10300100C46F5900_0_13_4.tif,0_13_4,2
0.45650634,0.99607843,0.1999581,0.41544524,0.45452374,48,17,False,105001001A0FFC00_0_13_5.tif,10300100C46F5900_0_13_5.tif,0_13_5,1
0.5773878,0.99607843,0.17380874,0.5296112,0.5766822,14,5,False,105001001A0FFC00_0_13_6.tif,10300100C46F5900_0_13_6.tif,0_13_6,1
0.25346172,0.99215686,0.20535322,0.19012879,0.18722343,1,0,False,105001001A0FFC00_0_13_7.tif,10300100C46F5900_0_13_7.tif,0_13_7,1
0.16912946,0.99607843,0.13205361,0.016415086,0.00843788,1,3,False,105001001A0FFC00_0_14_15.tif,10300100C46F5900_0_14_15.tif,0_14_15,0
0.19828711,0.90588236,0.13607237,-0.06912828,-0.07762165,0,2,False,105001001A0FFC00_0_14_16.tif,10300100C46F5900_0_14_16.tif,0_14_16,0
0.19189237,0.7764706,0.1463844,0.16643026,0.16623142,0,2,False,105001001A0FFC00_0_14_17.tif,10300100C46F5900_0_14_17.tif,0_14_17,0
0.33647656,0.9647059,0.16598517,0.31343767,0.31989482,0,1,False,105001001A0FFC00_0_14_18.tif,10300100C46F5900_0_14_18.tif,0_14_18,1
0.13726518,0.7019608,0.0866811,-0.09632486,-0.0961915,6,2,False,105001001A0FFC00_0_14_2.tif,10300100C46F5900_0_14_2.tif,0_14_2,0
0.2465142,0.6588235,0.077474385,0.18929213,0.18893935,0,1,False,105001001A0FFC00_0_14_3.tif,10300100C46F5900_0_14_3.tif,0_14_3,0
0.19990057,0.6627451,0.08953048,-0.01737546,-0.0015949327,4,2,False,105001001A0FFC00_0_14_4.tif,10300100C46F5900_0_14_4.tif,0_14_4,0
0.29163542,0.9411765,0.1963087,0.15273283,0.1849373,27,16,False,105001001A0FFC00_0_14_5.tif,10300100C46F5900_0_14_5.tif,0_14_5,2
0.5047665,1.0,0.23419565,0.44367895,0.49520415,63,28,False,105001001A0FFC00_0_14_6.tif,10300100C46F5900_0_14_6.tif,0_14_6,1
0.53941804,1.0,0.22345266,0.484634,0.5348449,42,16,False,105001001A0FFC00_0_14_7.tif,10300100C46F5900_0_14_7.tif,0_14_7,1
0.16895363,0.7019608,0.10335255,0.106002495,0.13212384,0,2,False,105001001A0FFC00_0_15_11.tif,10300100C46F5900_0_15_11.tif,0_15_11,0
0.14190999,0.7372549,0.091759086,-0.070293434,-0.05533576,0,1,False,105001001A0FFC00_0_15_12.tif,10300100C46F5900_0_15_12.tif,0_15_12,0
0.15055276,0.8980392,0.11383116,0.057341613,0.06120529,0,1,False,105001001A0FFC00_0_15_15.tif,10300100C46F5900_0_15_15.tif,0_15_15,0
0.15415458,0.9372549,0.11800397,0.093570165,0.11162033,0,1,False,105001001A0FFC00_0_15_18.tif,10300100C46F5900_0_15_18.tif,0_15_18,0
0.21076478,0.9372549,0.1254194,0.20351897,0.19982782,0,1,False,105001001A0FFC00_0_15_19.tif,10300100C46F5900_0_15_19.tif,0_15_19,0
0.15794656,0.827451,0.1305926,-0.0115080355,-0.0015072385,1,1,False,105001001A0FFC00_0_15_2.tif,10300100C46F5900_0_15_2.tif,0_15_2,0
0.19031008,0.88235295,0.110834695,-0.12072306,-0.14650588,14,1,False,105001001A0FFC00_0_15_3.tif,10300100C46F5900_0_15_3.tif,0_15_3,0
0.181406,0.6431373,0.08750957,0.016096052,0.016213207,2,1,False,105001001A0FFC00_0_15_4.tif,10300100C46F5900_0_15_4.tif,0_15_4,0
0.5558486,1.0,0.1355579,0.5020446,0.5558004,8,6,False,105001001A0FFC00_0_15_6.tif,10300100C46F5900_0_15_6.tif,0_15_6,1
0.5296356,1.0,0.23224087,0.46449915,0.51542133,21,11,False,105001001A0FFC00_0_15_7.tif,10300100C46F5900_0_15_7.tif,0_15_7,1
0.13856825,0.91764706,0.09553861,-0.072468445,-0.07709235,85,20,False,105001001A0FFC00_0_15_8.tif,10300100C46F5900_0_15_8.tif,0_15_8,2
0.1617917,0.9647059,0.10382605,0.023334416,0.04123619,7,7,False,105001001A0FFC00_0_15_9.tif,10300100C46F5900_0_15_9.tif,0_15_9,0
0.17578766,0.9490196,0.122394204,-0.10881352,-0.12380703,1,6,False,105001001A0FFC00_0_16_10.tif,10300100C46F5900_0_16_10.tif,0_16_10,0
0.16533835,0.92941177,0.11410757,-0.08156395,-0.08263001,0,11,False,105001001A0FFC00_0_16_11.tif,10300100C46F5900_0_16_11.tif,0_16_11,0
0.16755779,0.9882353,0.118709415,-0.12173933,-0.10370105,4,8,False,105001001A0FFC00_0_16_12.tif,10300100C46F5900_0_16_12.tif,0_16_12,0
0.20302337,0.9647059,0.15436906,0.020345328,0.03324588,4,6,False,105001001A0FFC00_0_16_13.tif,10300100C46F5900_0_16_13.tif,0_16_13,0
0.14848131,0.9529412,0.12409136,-0.069607995,-0.06284652,2,5,False,105001001A0FFC00_0_16_14.tif,10300100C46F5900_0_16_14.tif,0_16_14,0
0.21851867,0.94509804,0.118771136,0.14802203,0.14784607,0,1,False,105001001A0FFC00_0_16_19.tif,10300100C46F5900_0_16_19.tif,0_16_19,0
0.15966442,0.91764706,0.094672136,-0.09722608,-0.08026501,1,0,False,105001001A0FFC00_0_16_2.tif,10300100C46F5900_0_16_2.tif,0_16_2,0
0.15439318,0.89411765,0.11125625,-0.15698256,-0.14375933,10,4,False,105001001A0FFC00_0_16_4.tif,10300100C46F5900_0_16_4.tif,0_16_4,0
0.21055903,0.95686275,0.18639477,0.07351417,0.091275945,14,4,False,105001001A0FFC00_0_16_5.tif,10300100C46F5900_0_16_5.tif,0_16_5,0
0.36063293,0.98039216,0.20012675,0.32849914,0.35538784,0,2,False,105001001A0FFC00_0_16_6.tif,10300100C46F5900_0_16_6.tif,0_16_6,1
0.2246294,0.65098035,0.10867195,0.19863962,0.20398462,1,1,False,105001001A0FFC00_0_16_8.tif,10300100C46F5900_0_16_8.tif,0_16_8,0
0.17328492,0.9647059,0.119187966,-0.015540512,-0.0052090883,9,6,False,105001001A0FFC00_0_16_9.tif,10300100C46F5900_0_16_9.tif,0_16_9,0
0.21630405,0.95686275,0.14911345,0.050953902,0.0523643,5,6,False,105001001A0FFC00_0_17_10.tif,10300100C46F5900_0_17_10.tif,0_17_10,0
0.21975921,0.96862745,0.16802232,-0.04511039,-0.055488188,26,12,False,105001001A0FFC00_0_17_11.tif,10300100C46F5900_0_17_11.tif,0_17_11,2
0.25549987,1.0,0.17579688,-0.078402065,-0.08370641,47,12,False,105001001A0FFC00_0_17_12.tif,10300100C46F5900_0_17_12.tif,0_17_12,2
0.20690396,0.98039216,0.14554971,0.03658432,0.02724913,3,19,False,105001001A0FFC00_0_17_13.tif,10300100C46F5900_0_17_13.tif,0_17_13,2
0.20276365,0.9137255,0.17733666,0.08555852,0.1000637,7,8,False,105001001A0FFC00_0_17_14.tif,10300100C46F5900_0_17_14.tif,0_17_14,0
0.15447183,0.9529412,0.11490582,-0.13212466,-0.09168593,4,3,False,105001001A0FFC00_0_17_15.tif,10300100C46F5900_0_17_15.tif,0_17_15,0
0.17637715,0.8901961,0.111504994,0.13730322,0.13002652,0,1,False,105001001A0FFC00_0_17_19.tif,10300100C46F5900_0_17_19.tif,0_17_19,0
0.23278372,0.92941177,0.1186398,0.096421845,0.101097554,0,1,False,105001001A0FFC00_0_17_20.tif,10300100C46F5900_0_17_20.tif,0_17_20,0
0.28450182,0.9843137,0.22714996,0.15985636,0.19118805,2,1,False,105001001A0FFC00_0_17_5.tif,10300100C46F5900_0_17_5.tif,0_17_5,1
0.5477139,0.99607843,0.16728622,0.5144027,0.5466853,4,2,False,105001001A0FFC00_0_17_6.tif,10300100C46F5900_0_17_6.tif,0_17_6,1
0.21388058,0.8666667,0.15381289,0.12574773,0.13514899,6,3,False,105001001A0FFC00_0_17_7.tif,10300100C46F5900_0_17_7.tif,0_17_7,0
0.20683123,0.6862745,0.10403265,0.17271747,0.18064335,0,1,False,105001001A0FFC00_0_17_8.tif,10300100C46F5900_0_17_8.tif,0_17_8,0
0.24435632,0.8352941,0.08723489,0.209969,0.21291292,0,1,False,105001001A0FFC00_0_18_10.tif,10300100C46F5900_0_18_10.tif,0_18_10,0
0.21570416,0.972549,0.14149939,-0.047169484,-0.040464256,3,11,False,105001001A0FFC00_0_18_11.tif,10300100C46F5900_0_18_11.tif,0_18_11,2
0.28014275,0.9882353,0.19101255,-0.1708589,-0.17466035,22,15,False,105001001A0FFC00_0_18_12.tif,10300100C46F5900_0_18_12.tif,0_18_12,2
0.22243889,0.96862745,0.17172033,0.0637144,0.0592358,19,17,False,105001001A0FFC00_0_18_13.tif,10300100C46F5900_0_18_13.tif,0_18_13,2
0.12781836,0.9490196,0.10131281,-0.08514023,-0.07896179,3,12,False,105001001A0FFC00_0_18_14.tif,10300100C46F5900_0_18_14.tif,0_18_14,2
0.13547304,0.76862746,0.09753463,-0.15821666,-0.12912452,1,2,False,105001001A0FFC00_0_18_15.tif,10300100C46F5900_0_18_15.tif,0_18_15,0
0.1506712,0.76862746,0.10502522,-0.13547975,-0.10923364,0,8,False,105001001A0FFC00_0_18_16.tif,10300100C46F5900_0_18_16.tif,0_18_16,0
0.18505095,0.9647059,0.13445565,0.08517165,0.09933911,0,4,False,105001001A0FFC00_0_18_17.tif,10300100C46F5900_0_18_17.tif,0_18_17,0
0.19638216,0.9843137,0.124547124,-0.045549158,-0.027888266,2,5,False,105001001A0FFC00_0_18_19.tif,10300100C46F5900_0_18_19.tif,0_18_19,0
0.18682848,0.8784314,0.1251428,0.018665202,0.01502773,0,1,False,105001001A0FFC00_0_18_20.tif,10300100C46F5900_0_18_20.tif,0_18_20,0
0.2149331,0.8392157,0.11384013,0.19890302,0.20149824,0,1,False,105001001A0FFC00_0_18_21.tif,10300100C46F5900_0_18_21.tif,0_18_21,0
0.21460856,0.8745098,0.15195651,-0.0017011458,-0.0004136027,0,1,False,105001001A0FFC00_0_18_8.tif,10300100C46F5900_0_18_8.tif,0_18_8,0
0.18017465,0.9843137,0.10563573,-0.00017796001,0.0035445713,2,1,False,105001001A0FFC00_0_18_9.tif,10300100C46F5900_0_18_9.tif,0_18_9,0
0.17386687,0.79607844,0.09177405,-0.1568515,-0.13341162,0,1,False,105001001A0FFC00_0_19_10.tif,10300100C46F5900_0_19_10.tif,0_19_10,0
0.16660483,0.7607843,0.09409395,0.02137207,0.030563584,3,2,False,105001001A0FFC00_0_19_11.tif,10300100C46F5900_0_19_11.tif,0_19_11,0
0.24380402,0.9647059,0.15074661,0.2093113,0.22365823,1,4,False,105001001A0FFC00_0_19_12.tif,10300100C46F5900_0_19_12.tif,0_19_12,1
0.34594178,0.99607843,0.19986726,0.30817187,0.32166135,13,12,False,105001001A0FFC00_0_19_13.tif,10300100C46F5900_0_19_13.tif,0_19_13,1
0.15283217,0.8117647,0.10115982,-0.023659386,-0.022203907,2,3,False,105001001A0FFC00_0_19_14.tif,10300100C46F5900_0_19_14.tif,0_19_14,0
0.13444586,0.6156863,0.094982214,-0.073133156,-0.066512756,0,3,False,105001001A0FFC00_0_19_15.tif,10300100C46F5900_0_19_15.tif,0_19_15,0
0.15707646,0.8039216,0.12658547,0.008755378,0.016449833,0,2,False,105001001A0FFC00_0_19_16.tif,10300100C46F5900_0_19_16.tif,0_19_16,0
0.17737545,0.88235295,0.10549298,-0.18577704,-0.15682924,15,13,False,105001001A0FFC00_0_19_17.tif,10300100C46F5900_0_19_17.tif,0_19_17,2
0.1512193,0.8117647,0.11138801,0.019708745,0.032137383,0,9,False,105001001A0FFC00_0_19_18.tif,10300100C46F5900_0_19_18.tif,0_19_18,0
0.1603056,0.92941177,0.11482244,0.12381024,0.11774057,0,3,False,105001001A0FFC00_0_19_19.tif,10300100C46F5900_0_19_19.tif,0_19_19,0
0.23911358,0.8901961,0.12627348,-0.059262995,-0.04439375,0,1,False,105001001A0FFC00_0_19_21.tif,10300100C46F5900_0_19_21.tif,0_19_21,0
0.16364424,0.8352941,0.096374504,-0.18456727,-0.15500942,1,1,False,105001001A0FFC00_0_20_11.tif,10300100C46F5900_0_20_11.tif,0_20_11,0
0.14749543,0.69803923,0.08872793,-0.05477831,-0.040510505,0,1,False,105001001A0FFC00_0_20_12.tif,10300100C46F5900_0_20_12.tif,0_20_12,0
0.1922358,0.7137255,0.08573149,0.14502232,0.1361864,0,1,False,105001001A0FFC00_0_20_13.tif,10300100C46F5900_0_20_13.tif,0_20_13,0
0.19801466,1.0,0.114938185,0.0431468,0.047748603,40,9,False,105001001A0FFC00_0_20_17.tif,10300100C46F5900_0_20_17.tif,0_20_17,2
0.17142098,0.99607843,0.10707,-0.09134341,-0.081368804,9,6,False,105001001A0FFC00_0_20_18.tif,10300100C46F5900_0_20_18.tif,0_20_18,0
0.164037,0.8392157,0.11612888,0.122186854,0.12894353,0,2,False,105001001A0FFC00_0_20_19.tif,10300100C46F5900_0_20_19.tif,0_20_19,0
0.21945904,0.8745098,0.11503333,-0.10596614,-0.08399298,0,3,False,105001001A0FFC00_0_20_21.tif,10300100C46F5900_0_20_21.tif,0_20_21,0
0.25748897,0.9137255,0.12704065,0.23475297,0.22527117,0,2,False,105001001A0FFC00_0_20_22.tif,10300100C46F5900_0_20_22.tif,0_20_22,0
0.16627978,0.7254902,0.13199268,0.07509215,0.0786854,0,1,False,105001001A0FFC00_0_21_13.tif,10300100C46F5900_0_21_13.tif,0_21_13,0
0.15144414,0.7058823,0.093911834,-0.124954514,-0.11014734,0,1,False,105001001A0FFC00_0_21_14.tif,10300100C46F5900_0_21_14.tif,0_21_14,0
0.14886086,0.6156863,0.09255584,-0.038486253,-0.03933954,0,1,False,105001001A0FFC00_0_21_15.tif,10300100C46F5900_0_21_15.tif,0_21_15,0
0.18767563,0.6117647,0.09849161,0.01485157,0.005305429,0,1,False,105001001A0FFC00_0_21_16.tif,10300100C46F5900_0_21_16.tif,0_21_16,0
0.16779159,0.67058825,0.09945077,0.063108295,0.055139843,0,1,False,105001001A0FFC00_0_21_17.tif,10300100C46F5900_0_21_17.tif,0_21_17,0
0.15601951,0.67450976,0.098058484,0.05968122,0.04300129,0,1,False,105001001A0FFC00_0_21_18.tif,10300100C46F5900_0_21_18.tif,0_21_18,0
0.18049413,0.93333334,0.11403335,-0.028526647,-0.020333607,14,17,False,105001001A0FFC00_0_21_19.tif,10300100C46F5900_0_21_19.tif,0_21_19,2
0.22641046,0.9411765,0.15219124,0.04758177,0.042970497,40,21,False,105001001A0FFC00_0_21_20.tif,10300100C46F5900_0_21_20.tif,0_21_20,2
0.24902157,1.0,0.16815822,0.055372305,0.053740326,111,13,False,105001001A0FFC00_0_21_21.tif,10300100C46F5900_0_21_21.tif,0_21_21,2
0.25296882,1.0,0.15813114,0.113239214,0.10807488,3,3,False,105001001A0FFC00_0_21_22.tif,10300100C46F5900_0_21_22.tif,0_21_22,0
0.22344695,0.84705883,0.10677698,-0.18317297,-0.15817133,0,2,False,105001001A0FFC00_0_22_17.tif,10300100C46F5900_0_22_17.tif,0_22_17,0
0.1481391,0.60784316,0.08917888,0.045092817,0.04232537,0,1,False,105001001A0FFC00_0_22_18.tif,10300100C46F5900_0_22_18.tif,0_22_18,0
0.20100105,0.9372549,0.1104549,-0.0787769,-0.07517385,7,14,False,105001001A0FFC00_0_22_19.tif,10300100C46F5900_0_22_19.tif,0_22_19,2
0.20648484,0.9647059,0.11861214,0.075980164,0.07309409,23,11,False,105001001A0FFC00_0_22_20.tif,10300100C46F5900_0_22_20.tif,0_22_20,2
0.19995694,0.9529412,0.13568959,0.13667375,0.12841941,18,5,False,105001001A0FFC00_0_22_21.tif,10300100C46F5900_0_22_21.tif,0_22_21,0
0.24689816,0.8901961,0.11468132,-0.15389563,-0.14786404,14,5,False,105001001A0FFC00_0_23_17.tif,10300100C46F5900_0_23_17.tif,0_23_17,0
0.19868837,0.9843137,0.11264407,-0.14746,-0.12854877,58,8,False,105001001A0FFC00_0_23_18.tif,10300100C46F5900_0_23_18.tif,0_23_18,2
0.16538626,0.94509804,0.11013652,0.054223508,0.039011285,0,1,False,105001001A0FFC00_0_23_19.tif,10300100C46F5900_0_23_19.tif,0_23_19,0
0.22778596,0.84705883,0.11734713,-0.12850289,-0.11825645,0,4,False,105001001A0FFC00_0_23_20.tif,10300100C46F5900_0_23_20.tif,0_23_20,0
0.23681906,0.9607843,0.11743468,-0.19861712,-0.19325925,2,3,False,105001001A0FFC00_0_24_17.tif,10300100C46F5900_0_24_17.tif,0_24_17,0
0.2535692,0.99215686,0.14160386,-0.23404966,-0.20864646,22,6,False,105001001A0FFC00_0_24_18.tif,10300100C46F5900_0_24_18.tif,0_24_18,2
0.24712102,0.92156863,0.11887765,-0.2507915,-0.21756443,0,4,False,105001001A0FFC00_0_24_20.tif,10300100C46F5900_0_24_20.tif,0_24_20,0
0.24609777,1.0,0.16832711,-0.17346166,-0.16456738,3,2,False,105001001A0FFC00_0_24_21.tif,10300100C46F5900_0_24_21.tif,0_24_21,0
0.139614,1.0,0.11825978,0.08951143,0.07278326,34,2,False,105001001A0FFC00_0_9_2.tif,10300100C46F5900_0_9_2.tif,0_9_2,0
0.2233921,0.5882353,0.1075291,0.20980878,0.22118074,2,0,False,10400100684A4B00_1_10_103.tif,10300100C46F5900_1_10_103.tif,1_10_103,0
0.09124408,0.69411767,0.07006973,0.020113515,0.016272787,3,1,False,10400100684A4B00_1_10_104.tif,10300100C46F5900_1_10_104.tif,1_10_104,0
0.22311075,0.92156863,0.16998726,0.15940103,0.14172572,10,7,False,10400100684A4B00_1_10_77.tif,10300100C46F5900_1_10_77.tif,1_10_77,0
0.21229306,0.9137255,0.17516978,0.11383156,0.0969602,103,11,False,10400100684A4B00_1_10_78.tif,10300100C46F5900_1_10_78.tif,1_10_78,2
0.18268852,0.9843137,0.14498122,-0.11173587,-0.11578531,164,10,False,10400100684A4B00_1_10_79.tif,10300100C46F5900_1_10_79.tif,1_10_79,2
0.10910955,0.9372549,0.09234054,-0.08747249,-0.06948678,31,6,False,10400100684A4B00_1_10_80.tif,10300100C46F5900_1_10_80.tif,1_10_80,0
0.23881663,0.9098039,0.19794178,0.15079534,0.18563822,0,3,False,10400100684A4B00_1_10_81.tif,10300100C46F5900_1_10_81.tif,1_10_81,1
0.11799025,0.78039217,0.11579,0.019781977,0.026785795,0,3,False,10400100684A4B00_1_10_82.tif,10300100C46F5900_1_10_82.tif,1_10_82,0
0.08457149,0.78039217,0.07208255,-0.0002887091,-0.014070941,0,2,False,10400100684A4B00_1_10_83.tif,10300100C46F5900_1_10_83.tif,1_10_83,0
0.110283546,0.627451,0.07769245,-0.0926934,-0.059986237,0,1,False,10400100684A4B00_1_10_84.tif,10300100C46F5900_1_10_84.tif,1_10_84,0
0.3448968,0.9882353,0.22823863,0.28722623,0.32542124,2,9,False,10400100684A4B00_1_10_85.tif,10300100C46F5900_1_10_85.tif,1_10_85,1
0.41653186,0.9843137,0.24297479,0.36681768,0.39407352,129,11,False,10400100684A4B00_1_10_86.tif,10300100C46F5900_1_10_86.tif,1_10_86,1
0.1860823,0.93333334,0.14309295,0.06068545,0.05230634,231,20,False,10400100684A4B00_1_10_87.tif,10300100C46F5900_1_10_87.tif,1_10_87,2
0.1969933,0.8627451,0.14705355,0.08519893,0.08712024,91,16,False,10400100684A4B00_1_10_88.tif,10300100C46F5900_1_10_88.tif,1_10_88,2
0.18602346,0.9254902,0.13853091,-0.124103,-0.14900514,83,12,False,10400100684A4B00_1_10_89.tif,10300100C46F5900_1_10_89.tif,1_10_89,2
0.16254887,0.8980392,0.11009826,-0.058626264,-0.088842005,10,8,False,10400100684A4B00_1_10_90.tif,10300100C46F5900_1_10_90.tif,1_10_90,0
0.20401515,0.93333334,0.14302061,0.16521719,0.12883513,19,7,False,10400100684A4B00_1_10_91.tif,10300100C46F5900_1_10_91.tif,1_10_91,0
0.16044113,0.83137256,0.13841671,0.002380248,-0.04713836,5,4,False,10400100684A4B00_1_10_92.tif,10300100C46F5900_1_10_92.tif,1_10_92,0
0.20717601,0.8901961,0.16321112,0.20927964,0.15221788,0,2,False,10400100684A4B00_1_10_93.tif,10300100C46F5900_1_10_93.tif,1_10_93,0
0.1392007,0.8980392,0.10943887,0.12894659,0.06461114,9,3,False,10400100684A4B00_1_10_95.tif,10300100C46F5900_1_10_95.tif,1_10_95,0
0.09970981,0.7882353,0.07826805,0.0580465,0.04148251,8,3,False,10400100684A4B00_1_10_96.tif,10300100C46F5900_1_10_96.tif,1_10_96,0
0.19472146,0.81960785,0.1253918,0.14087057,0.14692101,7,3,False,10400100684A4B00_1_10_97.tif,10300100C46F5900_1_10_97.tif,1_10_97,0
0.44665217,0.8627451,0.12481582,0.40773904,0.44571468,2,1,False,10400100684A4B00_1_10_98.tif,10300100C46F5900_1_10_98.tif,1_10_98,1
0.16045792,0.8745098,0.10877792,-0.023962162,-0.0402937,22,1,False,10400100684A4B00_1_11_105.tif,10300100C46F5900_1_11_105.tif,1_11_105,0
0.095287286,0.85490197,0.09604587,-0.004268268,-0.0053022252,7,4,False,10400100684A4B00_1_11_77.tif,10300100C46F5900_1_11_77.tif,1_11_77,0
0.13133691,0.99215686,0.12368904,-0.013784107,-0.028307311,107,13,False,10400100684A4B00_1_11_78.tif,10300100C46F5900_1_11_78.tif,1_11_78,2
0.123442434,0.8862745,0.12565227,-0.004444512,0.0012929902,79,8,False,10400100684A4B00_1_11_79.tif,10300100C46F5900_1_11_79.tif,1_11_79,2
0.2829352,0.85882354,0.2009093,0.20756492,0.234501,0,3,False,10400100684A4B00_1_11_81.tif,10300100C46F5900_1_11_81.tif,1_11_81,1
0.20707063,0.8156863,0.1733232,0.15200464,0.15851505,0,4,False,10400100684A4B00_1_11_82.tif,10300100C46F5900_1_11_82.tif,1_11_82,0
0.1245393,0.7529412,0.10748767,0.059327487,0.068998754,0,3,False,10400100684A4B00_1_11_83.tif,10300100C46F5900_1_11_83.tif,1_11_83,0
0.08756802,0.9254902,0.07387905,-0.083566085,-0.064109735,6,3,False,10400100684A4B00_1_11_84.tif,10300100C46F5900_1_11_84.tif,1_11_84,0
0.12242041,0.95686275,0.10816783,-0.07586449,-0.07871516,118,8,False,10400100684A4B00_1_11_85.tif,10300100C46F5900_1_11_85.tif,1_11_85,2
0.17841871,0.9607843,0.14911722,-0.02963521,-0.053706482,135,12,False,10400100684A4B00_1_11_86.tif,10300100C46F5900_1_11_86.tif,1_11_86,2
0.15796189,0.94509804,0.13429053,-0.05678498,-0.09336636,126,12,False,10400100684A4B00_1_11_87.tif,10300100C46F5900_1_11_87.tif,1_11_87,2
0.19231714,0.92941177,0.13368815,0.022838587,-0.023815934,14,8,False,10400100684A4B00_1_11_88.tif,10300100C46F5900_1_11_88.tif,1_11_88,0
0.19340768,0.9764706,0.11465781,-0.13015208,-0.1785804,2,5,False,10400100684A4B00_1_11_89.tif,10300100C46F5900_1_11_89.tif,1_11_89,0
0.11349895,0.9137255,0.09133821,0.072405286,0.003218888,1,2,False,10400100684A4B00_1_11_93.tif,10300100C46F5900_1_11_93.tif,1_11_93,0
0.27758276,0.95686275,0.1755487,0.16143544,0.1498627,12,2,False,10400100684A4B00_1_11_94.tif,10300100C46F5900_1_11_94.tif,1_11_94,1
0.21118385,0.90588236,0.15197927,0.008074323,0.01867049,8,1,False,10400100684A4B00_1_11_95.tif,10300100C46F5900_1_11_95.tif,1_11_95,0
0.13397218,0.9529412,0.09999122,-0.0063407375,-0.016318925,7,2,False,10400100684A4B00_1_11_96.tif,10300100C46F5900_1_11_96.tif,1_11_96,0
0.12511237,0.7607843,0.08056149,0.07523181,0.09007758,18,1,False,10400100684A4B00_1_12_105.tif,10300100C46F5900_1_12_105.tif,1_12_105,0
0.1866487,0.8784314,0.1178465,0.15550901,0.12441933,10,2,False,10400100684A4B00_1_12_106.tif,10300100C46F5900_1_12_106.tif,1_12_106,0
0.16100387,0.8509804,0.1338579,0.07083521,0.049902856,1,6,False,10400100684A4B00_1_12_74.tif,10300100C46F5900_1_12_74.tif,1_12_74,0
0.12527071,0.7294118,0.113924794,0.032363337,0.024008797,1,0,False,10400100684A4B00_1_12_75.tif,10300100C46F5900_1_12_75.tif,1_12_75,0
0.120827034,0.84705883,0.09217313,-0.055306338,-0.06266439,28,2,False,10400100684A4B00_1_12_76.tif,10300100C46F5900_1_12_76.tif,1_12_76,0
0.11579384,0.8862745,0.104938455,-0.07239177,-0.083653174,47,4,False,10400100684A4B00_1_12_77.tif,10300100C46F5900_1_12_77.tif,1_12_77,0
0.11187566,0.9529412,0.111084744,-0.03149072,-0.045469884,109,10,False,10400100684A4B00_1_12_78.tif,10300100C46F5900_1_12_78.tif,1_12_78,2
0.11860823,0.8784314,0.117662795,-0.06260879,-0.060007337,119,9,False,10400100684A4B00_1_12_79.tif,10300100C46F5900_1_12_79.tif,1_12_79,2
0.0771975,0.9137255,0.07033063,-0.042545844,-0.04333968,11,2,False,10400100684A4B00_1_12_80.tif,10300100C46F5900_1_12_80.tif,1_12_80,0
0.10907261,0.9372549,0.10300484,-0.027465591,-0.03726561,65,3,False,10400100684A4B00_1_12_81.tif,10300100C46F5900_1_12_81.tif,1_12_81,0
0.10123832,0.73333335,0.09573981,0.0483112,0.045664053,0,1,False,10400100684A4B00_1_12_82.tif,10300100C46F5900_1_12_82.tif,1_12_82,0
0.10601301,0.88235295,0.09964573,-0.034450654,-0.029873854,32,7,False,10400100684A4B00_1_12_83.tif,10300100C46F5900_1_12_83.tif,1_12_83,0
0.20238054,0.9882353,0.15347175,-0.18239366,-0.18552978,63,14,False,10400100684A4B00_1_12_84.tif,10300100C46F5900_1_12_84.tif,1_12_84,2
0.17719328,0.9843137,0.1451856,-0.071754254,-0.10273838,93,17,False,10400100684A4B00_1_12_85.tif,10300100C46F5900_1_12_85.tif,1_12_85,2
0.1895229,0.96862745,0.126668,0.111728214,0.059008867,6,8,False,10400100684A4B00_1_12_86.tif,10300100C46F5900_1_12_86.tif,1_12_86,0
0.22777085,0.7647059,0.1013394,0.2703616,0.20440573,0,2,False,10400100684A4B00_1_12_87.tif,10300100C46F5900_1_12_87.tif,1_12_87,0
0.1988015,0.78431374,0.13142113,0.19528656,0.14691675,4,3,False,10400100684A4B00_1_12_91.tif,10300100C46F5900_1_12_91.tif,1_12_91,0
0.18692535,0.96862745,0.10663036,-0.1463598,-0.16036764,7,4,False,10400100684A4B00_1_12_92.tif,10300100C46F5900_1_12_92.tif,1_12_92,0
0.24402556,0.99215686,0.15488546,-0.094813466,-0.080422275,14,4,False,10400100684A4B00_1_12_93.tif,10300100C46F5900_1_12_93.tif,1_12_93,0
0.23022377,0.99215686,0.1673738,0.089645706,0.10245355,2,1,False,10400100684A4B00_1_12_94.tif,10300100C46F5900_1_12_94.tif,1_12_94,0
0.08815209,0.5137255,0.07428738,-0.004619112,0.025761347,1,0,False,10400100684A4B00_1_13_105.tif,10300100C46F5900_1_13_105.tif,1_13_105,0
0.09085681,0.827451,0.067645855,-0.11295245,-0.07592511,6,2,False,10400100684A4B00_1_13_106.tif,10300100C46F5900_1_13_106.tif,1_13_106,0
0.17977084,0.92941177,0.11893126,0.13303079,0.107953936,7,1,False,10400100684A4B00_1_13_72.tif,10300100C46F5900_1_13_72.tif,1_13_72,0
0.13769785,0.8392157,0.12550795,0.033521146,0.009996292,6,3,False,10400100684A4B00_1_13_73.tif,10300100C46F5900_1_13_73.tif,1_13_73,0
0.1481705,0.7254902,0.13043737,0.0718306,0.06591749,0,6,False,10400100684A4B00_1_13_74.tif,10300100C46F5900_1_13_74.tif,1_13_74,0
0.13440764,0.8235294,0.10710317,0.04766407,0.041632097,7,6,False,10400100684A4B00_1_13_75.tif,10300100C46F5900_1_13_75.tif,1_13_75,0
0.20522217,0.8666667,0.14285058,0.07619407,0.064751975,92,8,False,10400100684A4B00_1_13_76.tif,10300100C46F5900_1_13_76.tif,1_13_76,2
0.14350733,0.9529412,0.12670173,-0.03123265,-0.04322747,64,6,False,10400100684A4B00_1_13_77.tif,10300100C46F5900_1_13_77.tif,1_13_77,2
0.1367741,0.92156863,0.13128722,-0.050257605,-0.06376597,104,12,False,10400100684A4B00_1_13_78.tif,10300100C46F5900_1_13_78.tif,1_13_78,2
0.1277974,0.9607843,0.120280504,-0.011377442,-0.020030487,104,12,False,10400100684A4B00_1_13_79.tif,10300100C46F5900_1_13_79.tif,1_13_79,2
0.1348654,0.94509804,0.12706208,-0.047110483,-0.053362597,175,13,False,10400100684A4B00_1_13_80.tif,10300100C46F5900_1_13_80.tif,1_13_80,2
0.14186281,1.0,0.12568165,-0.020866081,-0.028203025,215,12,False,10400100684A4B00_1_13_81.tif,10300100C46F5900_1_13_81.tif,1_13_81,2
0.099475734,0.88235295,0.09296636,0.016195072,0.01756265,71,6,False,10400100684A4B00_1_13_82.tif,10300100C46F5900_1_13_82.tif,1_13_82,2
0.12806979,0.96862745,0.114765845,0.022103215,0.016331818,110,15,False,10400100684A4B00_1_13_83.tif,10300100C46F5900_1_13_83.tif,1_13_83,2
0.20477803,0.99215686,0.15537384,-0.18195693,-0.16870289,87,12,False,10400100684A4B00_1_13_84.tif,10300100C46F5900_1_13_84.tif,1_13_84,2
0.23447667,0.8,0.1322714,0.16491394,0.12801668,0,4,False,10400100684A4B00_1_13_85.tif,10300100C46F5900_1_13_85.tif,1_13_85,0
0.2185825,1.0,0.12025075,-0.05415893,-0.08851067,12,3,False,10400100684A4B00_1_13_88.tif,10300100C46F5900_1_13_88.tif,1_13_88,0
0.18265378,1.0,0.08911279,-0.12792125,-0.14381902,10,1,False,10400100684A4B00_1_13_89.tif,10300100C46F5900_1_13_89.tif,1_13_89,0
0.1699932,0.9098039,0.084980235,-0.1392303,-0.14444247,15,2,False,10400100684A4B00_1_13_90.tif,10300100C46F5900_1_13_90.tif,1_13_90,0
0.17852718,0.9098039,0.11784802,-0.05802056,-0.043976787,20,6,False,10400100684A4B00_1_13_91.tif,10300100C46F5900_1_13_91.tif,1_13_91,0
0.1592397,0.89411765,0.106333956,-0.09305003,-0.054952092,2,1,False,10400100684A4B00_1_13_92.tif,10300100C46F5900_1_13_92.tif,1_13_92,0
0.27810773,0.9882353,0.20358993,0.12916738,0.15583818,2,1,False,10400100684A4B00_1_13_93.tif,10300100C46F5900_1_13_93.tif,1_13_93,1
0.20690812,0.9764706,0.15541337,-0.06888427,-0.051779497,0,1,False,10400100684A4B00_1_13_94.tif,10300100C46F5900_1_13_94.tif,1_13_94,0
0.06615837,0.81960785,0.074488625,-0.026455035,-0.022481935,4,1,False,10400100684A4B00_1_14_72.tif,10300100C46F5900_1_14_72.tif,1_14_72,0
0.06589826,0.6117647,0.04534486,-0.059070736,-0.0407297,1,1,False,10400100684A4B00_1_14_73.tif,10300100C46F5900_1_14_73.tif,1_14_73,0
0.1782791,0.9372549,0.14157994,-0.1358703,-0.1520076,72,8,False,10400100684A4B00_1_14_74.tif,10300100C46F5900_1_14_74.tif,1_14_74,2
0.16986325,0.9098039,0.13782176,-0.15794161,-0.14969905,28,6,False,10400100684A4B00_1_14_75.tif,10300100C46F5900_1_14_75.tif,1_14_75,0
0.22790377,0.87058824,0.22503883,0.1543669,0.18966062,1,1,False,10400100684A4B00_1_14_77.tif,10300100C46F5900_1_14_77.tif,1_14_77,1
0.14392443,0.9019608,0.1310731,-0.06668386,-0.08682398,111,14,False,10400100684A4B00_1_14_78.tif,10300100C46F5900_1_14_78.tif,1_14_78,2
0.11391003,0.9137255,0.11347188,-0.029875856,-0.03716703,97,10,False,10400100684A4B00_1_14_79.tif,10300100C46F5900_1_14_79.tif,1_14_79,2
0.13590446,0.9607843,0.12651424,-0.031633668,-0.033597164,172,14,False,10400100684A4B00_1_14_80.tif,10300100C46F5900_1_14_80.tif,1_14_80,2
0.13276155,0.9372549,0.11880819,-0.0044907806,0.0019714918,223,12,False,10400100684A4B00_1_14_81.tif,10300100C46F5900_1_14_81.tif,1_14_81,2
0.15604943,0.9647059,0.11932897,0.07267024,0.069374286,155,14,False,10400100684A4B00_1_14_82.tif,10300100C46F5900_1_14_82.tif,1_14_82,2
0.14627747,0.94509804,0.113378,0.0874467,0.07863615,62,9,False,10400100684A4B00_1_14_83.tif,10300100C46F5900_1_14_83.tif,1_14_83,2
0.18516839,0.95686275,0.15355743,0.13115747,0.09216735,0,2,False,10400100684A4B00_1_14_84.tif,10300100C46F5900_1_14_84.tif,1_14_84,0
0.4174243,0.91764706,0.16430913,0.4432072,0.414377,0,2,False,10400100684A4B00_1_14_86.tif,10300100C46F5900_1_14_86.tif,1_14_86,1
0.18001676,0.93333334,0.103563726,-0.049247585,-0.07070709,2,2,False,10400100684A4B00_1_14_87.tif,10300100C46F5900_1_14_87.tif,1_14_87,0
0.1930201,1.0,0.10818111,-0.19048807,-0.19143151,2,2,False,10400100684A4B00_1_14_88.tif,10300100C46F5900_1_14_88.tif,1_14_88,0
0.14671233,0.9137255,0.07649643,-0.18364964,-0.1456267,5,1,False,10400100684A4B00_1_14_91.tif,10300100C46F5900_1_14_91.tif,1_14_91,0
0.15328342,0.9254902,0.1411406,0.015985372,0.022655807,0,1,False,10400100684A4B00_1_14_93.tif,10300100C46F5900_1_14_93.tif,1_14_93,0
0.08462025,0.76862746,0.0774503,-0.03125555,-0.020468606,5,3,False,10400100684A4B00_1_15_71.tif,10300100C46F5900_1_15_71.tif,1_15_71,0
0.0933291,0.84313726,0.089090265,-0.019204166,-0.022665787,11,5,False,10400100684A4B00_1_15_73.tif,10300100C46F5900_1_15_73.tif,1_15_73,0
0.12437291,0.85490197,0.109933905,-0.06354542,-0.07336198,69,7,False,10400100684A4B00_1_15_74.tif,10300100C46F5900_1_15_74.tif,1_15_74,2
0.16653845,0.8784314,0.13136692,0.0147878695,-0.007083669,20,5,False,10400100684A4B00_1_15_75.tif,10300100C46F5900_1_15_75.tif,1_15_75,0
0.23293129,0.92941177,0.18338107,-0.001993846,0.0022942778,87,6,False,10400100684A4B00_1_15_78.tif,10300100C46F5900_1_15_78.tif,1_15_78,2
0.13696714,0.9529412,0.13140777,-0.046596605,-0.06440076,141,13,False,10400100684A4B00_1_15_79.tif,10300100C46F5900_1_15_79.tif,1_15_79,2
0.1320419,0.9882353,0.123199314,-0.023025539,-0.028643098,115,16,False,10400100684A4B00_1_15_80.tif,10300100C46F5900_1_15_80.tif,1_15_80,2
0.14365554,0.91764706,0.11940517,0.042793527,0.03868923,80,20,False,10400100684A4B00_1_15_81.tif,10300100C46F5900_1_15_81.tif,1_15_81,2
0.18732356,0.99215686,0.123357154,0.138991,0.12884845,127,15,False,10400100684A4B00_1_15_82.tif,10300100C46F5900_1_15_82.tif,1_15_82,2
0.31728035,0.74509805,0.10315832,0.34254885,0.3103901,3,2,False,10400100684A4B00_1_15_83.tif,10300100C46F5900_1_15_83.tif,1_15_83,1
0.15865381,0.7215686,0.08708281,0.017746162,-0.033958256,1,2,False,10400100684A4B00_1_15_85.tif,10300100C46F5900_1_15_85.tif,1_15_85,0
0.22735193,0.8235294,0.13931422,0.10936156,0.09779303,5,2,False,10400100684A4B00_1_15_86.tif,10300100C46F5900_1_15_86.tif,1_15_86,0
0.17936431,0.9372549,0.0822525,-0.19042142,-0.16876507,3,0,False,10400100684A4B00_1_15_87.tif,10300100C46F5900_1_15_87.tif,1_15_87,0
0.1576053,0.6745098,0.07535804,-0.17620087,-0.15393849,0,1,False,10400100684A4B00_1_15_88.tif,10300100C46F5900_1_15_88.tif,1_15_88,0
0.06924692,0.69411767,0.055771887,-0.055712443,-0.035904933,0,1,False,10400100684A4B00_1_15_93.tif,10300100C46F5900_1_15_93.tif,1_15_93,0
0.116550215,0.7176471,0.08369537,0.07194072,0.06304287,3,4,False,10400100684A4B00_1_16_71.tif,10300100C46F5900_1_16_71.tif,1_16_71,0
0.11346192,0.59607846,0.06648242,0.07326798,0.09487314,1,2,False,10400100684A4B00_1_16_72.tif,10300100C46F5900_1_16_72.tif,1_16_72,0
0.10619511,0.8392157,0.08997879,0.005634363,-0.031838857,2,7,False,10400100684A4B00_1_16_73.tif,10300100C46F5900_1_16_73.tif,1_16_73,0
0.059876528,0.54901963,0.047233623,-0.017127944,0.015547704,0,2,False,10400100684A4B00_1_16_74.tif,10300100C46F5900_1_16_74.tif,1_16_74,0
0.104602545,0.9098039,0.09138825,-0.034048855,-0.0023078753,7,1,False,10400100684A4B00_1_16_75.tif,10300100C46F5900_1_16_75.tif,1_16_75,0
0.18331523,0.96862745,0.1159852,-0.142526,-0.15444641,36,4,False,10400100684A4B00_1_16_78.tif,10300100C46F5900_1_16_78.tif,1_16_78,0
0.2825362,0.89411765,0.19649613,0.2182476,0.22593036,181,10,False,10400100684A4B00_1_16_79.tif,10300100C46F5900_1_16_79.tif,1_16_79,2
0.2797359,0.93333334,0.17767292,0.23190619,0.2312444,54,7,False,10400100684A4B00_1_16_80.tif,10300100C46F5900_1_16_80.tif,1_16_80,1
0.21988797,0.92941177,0.14455424,0.16608386,0.13448907,29,5,False,10400100684A4B00_1_16_81.tif,10300100C46F5900_1_16_81.tif,1_16_81,0
0.31331804,0.69411767,0.09132878,0.3501706,0.30640388,0,2,False,10400100684A4B00_1_16_82.tif,10300100C46F5900_1_16_82.tif,1_16_82,1
0.1408126,0.7215686,0.1031441,0.08998756,0.049936775,0,1,False,10400100684A4B00_1_16_84.tif,10300100C46F5900_1_16_84.tif,1_16_84,0
0.1347371,0.7254902,0.07848641,-0.06667714,-0.09402676,0,4,False,10400100684A4B00_1_16_85.tif,10300100C46F5900_1_16_85.tif,1_16_85,0
0.27331284,0.8784314,0.17849667,0.18916959,0.18199563,0,4,False,10400100684A4B00_1_16_86.tif,10300100C46F5900_1_16_86.tif,1_16_86,1
0.16037494,0.69411767,0.12789474,0.0150577435,0.01286296,0,1,False,10400100684A4B00_1_16_87.tif,10300100C46F5900_1_16_87.tif,1_16_87,0
0.073590524,0.7490196,0.05565139,0.032139026,0.045813587,0,1,False,10400100684A4B00_1_16_93.tif,10300100C46F5900_1_16_93.tif,1_16_93,0
0.07512857,0.4156863,0.05979981,-0.04505099,-0.025436973,0,1,False,10400100684A4B00_1_16_94.tif,10300100C46F5900_1_16_94.tif,1_16_94,0
0.11136806,0.78431374,0.11087487,0.0033395423,-0.004080247,29,7,False,10400100684A4B00_1_17_71.tif,10300100C46F5900_1_17_71.tif,1_17_71,0
0.11379364,0.7764706,0.104026705,-0.04224495,-0.06208051,24,12,False,10400100684A4B00_1_17_72.tif,10300100C46F5900_1_17_72.tif,1_17_72,2
0.12880151,0.85490197,0.11129228,-0.04335508,-0.08593391,94,12,False,10400100684A4B00_1_17_73.tif,10300100C46F5900_1_17_73.tif,1_17_73,2
0.08191964,0.5803922,0.06548647,-0.052766338,-0.0427187,0,4,False,10400100684A4B00_1_17_74.tif,10300100C46F5900_1_17_74.tif,1_17_74,0
0.16826598,0.9843137,0.111527175,-0.16271932,-0.1629015,19,6,False,10400100684A4B00_1_17_75.tif,10300100C46F5900_1_17_75.tif,1_17_75,0
0.16035779,0.9372549,0.11751438,0.0028427767,-0.01774351,5,3,False,10400100684A4B00_1_17_76.tif,10300100C46F5900_1_17_76.tif,1_17_76,0
0.16118228,0.6627451,0.10021383,0.06668949,0.029412339,0,2,False,10400100684A4B00_1_17_77.tif,10300100C46F5900_1_17_77.tif,1_17_77,0
0.14944094,0.7254902,0.103338785,0.04307262,0.006919671,0,1,False,10400100684A4B00_1_17_78.tif,10300100C46F5900_1_17_78.tif,1_17_78,0
0.17622064,0.7490196,0.11496149,0.14217603,0.10404355,0,1,False,10400100684A4B00_1_17_79.tif,10300100C46F5900_1_17_79.tif,1_17_79,0
0.23865524,0.6666666,0.100807965,0.269301,0.22189909,1,4,False,10400100684A4B00_1_17_82.tif,10300100C46F5900_1_17_82.tif,1_17_82,0
0.10888082,0.8901961,0.09260694,0.04743312,0.02544625,1,3,False,10400100684A4B00_1_17_83.tif,10300100C46F5900_1_17_83.tif,1_17_83,0
0.17319967,0.77254903,0.11126674,0.046518072,0.022945508,2,4,False,10400100684A4B00_1_17_85.tif,10300100C46F5900_1_17_85.tif,1_17_85,0
0.21410117,0.85490197,0.1431351,0.2048811,0.17623489,0,1,False,10400100684A4B00_1_17_86.tif,10300100C46F5900_1_17_86.tif,1_17_86,0
0.11026608,0.7372549,0.098028064,-0.024000382,-0.013217578,0,2,False,10400100684A4B00_1_17_87.tif,10300100C46F5900_1_17_87.tif,1_17_87,0
0.08815485,0.37254903,0.069282636,-0.0093664,0.013462261,0,1,False,10400100684A4B00_1_17_94.tif,10300100C46F5900_1_17_94.tif,1_17_94,0
0.08273505,0.83137256,0.081218734,-0.02291479,-0.03641975,17,4,False,10400100684A4B00_1_18_71.tif,10300100C46F5900_1_18_71.tif,1_18_71,0
0.09227654,0.7607843,0.08982788,-0.030856093,-0.031388182,16,12,False,10400100684A4B00_1_18_72.tif,10300100C46F5900_1_18_72.tif,1_18_72,0
0.0949737,0.78431374,0.086265326,-0.047313225,-0.055169594,13,5,False,10400100684A4B00_1_18_73.tif,10300100C46F5900_1_18_73.tif,1_18_73,0
0.10980195,0.78431374,0.098824665,-0.07461602,-0.075676784,8,5,False,10400100684A4B00_1_18_74.tif,10300100C46F5900_1_18_74.tif,1_18_74,0
0.14493465,0.7215686,0.09439953,0.10600608,0.054195218,0,2,False,10400100684A4B00_1_18_75.tif,10300100C46F5900_1_18_75.tif,1_18_75,0
0.27216226,0.8235294,0.11511573,0.30006737,0.26325604,0,1,False,10400100684A4B00_1_18_80.tif,10300100C46F5900_1_18_80.tif,1_18_80,1
0.21452345,0.78039217,0.12461705,0.20880252,0.18588682,4,1,False,10400100684A4B00_1_18_81.tif,10300100C46F5900_1_18_81.tif,1_18_81,0
0.08745641,0.85490197,0.08067205,-0.0048702285,-0.028673735,17,4,False,10400100684A4B00_1_18_82.tif,10300100C46F5900_1_18_82.tif,1_18_82,0
0.10159321,0.9019608,0.07489705,-0.064070076,-0.07018602,7,2,False,10400100684A4B00_1_18_83.tif,10300100C46F5900_1_18_83.tif,1_18_83,0
0.092669435,0.80784315,0.06740583,-0.10351187,-0.08453343,0,1,False,10400100684A4B00_1_18_84.tif,10300100C46F5900_1_18_84.tif,1_18_84,0
0.10423472,0.61176467,0.06550668,0.05661194,0.088330135,0,1,False,10400100684A4B00_1_19_72.tif,10300100C46F5900_1_19_72.tif,1_19_72,0
0.07407981,0.8,0.059359588,-0.05910958,-0.04184656,0,2,False,10400100684A4B00_1_19_73.tif,10300100C46F5900_1_19_73.tif,1_19_73,0
0.15072553,0.9098039,0.1020106,-0.015729101,-0.04634695,7,8,False,10400100684A4B00_1_19_74.tif,10300100C46F5900_1_19_74.tif,1_19_74,0
0.12291396,0.7294118,0.07623857,-0.00388452,-0.037762035,0,2,False,10400100684A4B00_1_19_76.tif,10300100C46F5900_1_19_76.tif,1_19_76,0
0.13136964,0.94509804,0.08944339,-0.107236885,-0.12169785,30,3,False,10400100684A4B00_1_19_77.tif,10300100C46F5900_1_19_77.tif,1_19_77,0
0.10884226,0.9019608,0.07209137,-0.0975008,-0.09798297,3,1,False,10400100684A4B00_1_19_78.tif,10300100C46F5900_1_19_78.tif,1_19_78,0
0.11735577,0.9254902,0.08636196,-0.044654973,-0.08441927,7,3,False,10400100684A4B00_1_19_79.tif,10300100C46F5900_1_19_79.tif,1_19_79,0
0.11811967,0.73333335,0.09832096,0.004132436,-0.0027541458,1,2,False,10400100684A4B00_1_19_80.tif,10300100C46F5900_1_19_80.tif,1_19_80,0
0.08117106,0.80784315,0.07655064,-0.02171345,-0.024829412,9,1,False,10400100684A4B00_1_19_82.tif,10300100C46F5900_1_19_82.tif,1_19_82,0
0.08643432,0.6901961,0.06685866,-0.051763516,-0.04135602,2,1,False,10400100684A4B00_1_19_83.tif,10300100C46F5900_1_19_83.tif,1_19_83,0
0.09806514,0.6784314,0.07125309,0.020017847,0.046215497,0,1,False,10400100684A4B00_1_19_84.tif,10300100C46F5900_1_19_84.tif,1_19_84,0
0.10771173,0.62352943,0.0832959,0.06477021,0.0924708,0,1,False,10400100684A4B00_1_19_85.tif,10300100C46F5900_1_19_85.tif,1_19_85,0
0.07597049,0.6627451,0.05569894,0.010521788,0.033617612,0,2,False,10400100684A4B00_1_20_72.tif,10300100C46F5900_1_20_72.tif,1_20_72,0
0.07976118,0.67058825,0.06800199,-0.060023308,-0.06278636,0,2,False,10400100684A4B00_1_20_73.tif,10300100C46F5900_1_20_73.tif,1_20_73,0
0.12532142,0.8745098,0.08972013,0.022702519,-0.015050396,0,2,False,10400100684A4B00_1_20_74.tif,10300100C46F5900_1_20_74.tif,1_20_74,0
0.17768395,0.99215686,0.11152066,-0.14899538,-0.1615451,21,3,False,10400100684A4B00_1_20_76.tif,10300100C46F5900_1_20_76.tif,1_20_76,0
0.13546246,0.9019608,0.102991,-0.0546907,-0.0727478,34,2,False,10400100684A4B00_1_20_77.tif,10300100C46F5900_1_20_77.tif,1_20_77,0
0.096227854,0.64705884,0.084233604,-0.010712174,-0.04310195,4,3,False,10400100684A4B00_1_20_79.tif,10300100C46F5900_1_20_79.tif,1_20_79,0
0.10562637,0.77254903,0.08072059,-0.04147995,-0.0784605,0,4,False,10400100684A4B00_1_20_80.tif,10300100C46F5900_1_20_80.tif,1_20_80,0
0.09683853,0.47058827,0.07708094,0.0070453202,0.01518821,0,1,False,10400100684A4B00_1_20_81.tif,10300100C46F5900_1_20_81.tif,1_20_81,0
0.08576055,0.7529412,0.07505988,0.017148266,0.030221257,2,1,False,10400100684A4B00_1_20_82.tif,10300100C46F5900_1_20_82.tif,1_20_82,0
0.08438245,0.68235296,0.08681664,-0.039218266,-0.015165857,0,1,False,10400100684A4B00_1_20_85.tif,10300100C46F5900_1_20_85.tif,1_20_85,0
0.07837747,0.8156863,0.07105905,-0.045344,-0.057843998,1,3,False,10400100684A4B00_1_21_73.tif,10300100C46F5900_1_21_73.tif,1_21_73,0
0.13565673,0.6,0.08741931,0.095875464,0.04755238,0,2,False,10400100684A4B00_1_21_74.tif,10300100C46F5900_1_21_74.tif,1_21_74,0
0.15064092,0.9529412,0.11460418,0.04550383,0.025446035,21,6,False,10400100684A4B00_1_21_76.tif,10300100C46F5900_1_21_76.tif,1_21_76,0
0.17268808,0.80784315,0.16261597,0.12584472,0.14920135,0,1,False,10400100684A4B00_1_21_78.tif,10300100C46F5900_1_21_78.tif,1_21_78,0
0.080924064,0.73333335,0.07253768,-0.028947908,-0.03571895,5,1,False,10400100684A4B00_1_21_79.tif,10300100C46F5900_1_21_79.tif,1_21_79,0
0.085282706,0.5490196,0.06777876,0.0057999766,-0.044363894,0,2,False,10400100684A4B00_1_21_80.tif,10300100C46F5900_1_21_80.tif,1_21_80,0
0.095021136,0.7411765,0.077890836,0.021870311,0.0229113,2,1,False,10400100684A4B00_1_21_85.tif,10300100C46F5900_1_21_85.tif,1_21_85,0
0.08641493,0.92156863,0.08241358,-0.0081914,-0.023475848,3,1,False,10400100684A4B00_1_21_86.tif,10300100C46F5900_1_21_86.tif,1_21_86,0
0.14808951,0.6862745,0.100964144,0.028007457,0.019673755,2,0,False,10400100684A4B00_1_21_89.tif,10300100C46F5900_1_21_89.tif,1_21_89,0
0.15190493,0.83137256,0.11847368,0.015576078,-0.012751452,0,1,False,10400100684A4B00_1_22_70.tif,10300100C46F5900_1_22_70.tif,1_22_70,0
0.08384307,0.49411768,0.056805003,-0.093175165,-0.073931396,0,1,False,10400100684A4B00_1_22_71.tif,10300100C46F5900_1_22_71.tif,1_22_71,0
0.093071915,0.42745098,0.05823906,-0.103673354,-0.08908694,0,1,False,10400100684A4B00_1_22_72.tif,10300100C46F5900_1_22_72.tif,1_22_72,0
0.10149974,0.84313726,0.083169945,-0.062038958,-0.087318346,7,8,False,10400100684A4B00_1_22_73.tif,10300100C46F5900_1_22_73.tif,1_22_73,0
0.10715847,0.77254903,0.082742065,0.03684005,0.0012672507,3,6,False,10400100684A4B00_1_22_74.tif,10300100C46F5900_1_22_74.tif,1_22_74,0
0.13590075,0.7215686,0.083103254,0.133687,0.0923811,10,2,False,10400100684A4B00_1_22_76.tif,10300100C46F5900_1_22_76.tif,1_22_76,0
0.078172594,0.49803922,0.0632305,0.008229151,0.012998819,1,0,False,10400100684A4B00_1_22_77.tif,10300100C46F5900_1_22_77.tif,1_22_77,0
0.092667796,0.83137256,0.09250357,-0.002038002,0.0041331653,22,2,False,10400100684A4B00_1_22_78.tif,10300100C46F5900_1_22_78.tif,1_22_78,0
0.06637152,0.7882353,0.05930791,-0.010411429,0.008844189,9,0,False,10400100684A4B00_1_22_79.tif,10300100C46F5900_1_22_79.tif,1_22_79,0
0.3381184,0.84313726,0.17996323,0.29770708,0.27908322,3,2,False,10400100684A4B00_1_23_70.tif,10300100C46F5900_1_23_70.tif,1_23_70,1
0.14479662,0.9372549,0.09057752,-0.15966731,-0.14285052,17,4,False,10400100684A4B00_1_23_71.tif,10300100C46F5900_1_23_71.tif,1_23_71,0
0.071431644,0.7058823,0.0583377,-0.009577503,-0.0019690685,2,4,False,10400100684A4B00_1_23_73.tif,10300100C46F5900_1_23_73.tif,1_23_73,0
0.074343406,0.5803922,0.056201708,0.022271484,0.023438988,0,3,False,10400100684A4B00_1_23_74.tif,10300100C46F5900_1_23_74.tif,1_23_74,0
0.17320415,0.62352943,0.08603726,0.21034805,0.15765184,0,2,False,10400100684A4B00_1_23_75.tif,10300100C46F5900_1_23_75.tif,1_23_75,0
0.07919697,0.745098,0.07017691,-0.021787386,-0.032315556,7,5,False,10400100684A4B00_1_23_77.tif,10300100C46F5900_1_23_77.tif,1_23_77,0
0.07795227,0.78431374,0.068522915,-0.06389337,-0.049896576,2,3,False,10400100684A4B00_1_23_78.tif,10300100C46F5900_1_23_78.tif,1_23_78,0
0.07994195,0.67058825,0.063829616,-0.030600363,-0.01394331,3,1,False,10400100684A4B00_1_23_79.tif,10300100C46F5900_1_23_79.tif,1_23_79,0
0.2026804,0.9411765,0.14517216,-0.04843617,-0.073052146,8,4,False,10400100684A4B00_1_24_70.tif,10300100C46F5900_1_24_70.tif,1_24_70,0
0.16919078,0.91764706,0.12126499,-0.18205047,-0.16463968,36,7,False,10400100684A4B00_1_24_71.tif,10300100C46F5900_1_24_71.tif,1_24_71,2
0.06273681,0.6745098,0.052298963,-0.029495703,-0.010071164,0,3,False,10400100684A4B00_1_24_73.tif,10300100C46F5900_1_24_73.tif,1_24_73,0
0.075527996,0.84705883,0.06806007,0.002856454,-0.024455016,13,5,False,10400100684A4B00_1_24_74.tif,10300100C46F5900_1_24_74.tif,1_24_74,0
0.10696036,0.7058823,0.08194124,0.07219162,0.026740098,3,3,False,10400100684A4B00_1_24_75.tif,10300100C46F5900_1_24_75.tif,1_24_75,0
0.15221612,0.87058824,0.122862935,0.048865885,-0.008100617,5,4,False,10400100684A4B00_1_24_77.tif,10300100C46F5900_1_24_77.tif,1_24_77,0
0.14982736,0.972549,0.123244695,-0.068846285,-0.07799628,1,6,False,10400100684A4B00_1_24_78.tif,10300100C46F5900_1_24_78.tif,1_24_78,0
0.2272159,0.98039216,0.14764413,-0.20323639,-0.2074337,3,1,False,10400100684A4B00_1_25_70.tif,10300100C46F5900_1_25_70.tif,1_25_70,0
0.1738369,0.9490196,0.13667147,-0.14334579,-0.15348184,58,13,False,10400100684A4B00_1_25_71.tif,10300100C46F5900_1_25_71.tif,1_25_71,2
0.07407647,0.75686276,0.06777504,-0.023553327,-0.0067050518,5,4,False,10400100684A4B00_1_25_72.tif,10300100C46F5900_1_25_72.tif,1_25_72,0
0.061890252,0.5568628,0.046252895,-0.00013755535,0.02135273,0,1,False,10400100684A4B00_1_25_73.tif,10300100C46F5900_1_25_73.tif,1_25_73,0
0.074034795,0.68235296,0.05451381,0.030373007,0.04019944,3,1,False,10400100684A4B00_1_25_74.tif,10300100C46F5900_1_25_74.tif,1_25_74,0
0.07212431,0.47843137,0.056927633,0.018073633,-0.038065225,1,2,False,10400100684A4B00_1_25_75.tif,10300100C46F5900_1_25_75.tif,1_25_75,0
0.13309814,0.6313726,0.077794224,0.14865659,0.0853394,0,2,False,10400100684A4B00_1_25_76.tif,10300100C46F5900_1_25_76.tif,1_25_76,0
0.1339189,0.89411765,0.09192111,0.075115286,0.011200209,0,1,False,10400100684A4B00_1_25_77.tif,10300100C46F5900_1_25_77.tif,1_25_77,0
0.21068598,0.9764706,0.15165235,-0.09376555,-0.12701003,7,3,False,10400100684A4B00_1_25_78.tif,10300100C46F5900_1_25_78.tif,1_25_78,0
0.22684006,0.7921569,0.155967,0.16540952,0.17153323,5,2,False,10400100684A4B00_1_26_70.tif,10300100C46F5900_1_26_70.tif,1_26_70,0
0.10511213,0.78431374,0.09746229,-0.08952698,-0.07633947,31,6,False,10400100684A4B00_1_26_71.tif,10300100C46F5900_1_26_71.tif,1_26_71,0
0.09139649,0.80784315,0.08338794,-0.0810153,-0.07123362,12,8,False,10400100684A4B00_1_26_72.tif,10300100C46F5900_1_26_72.tif,1_26_72,0
0.11750927,0.64705884,0.077889755,-0.010784466,-0.045246877,0,2,False,10400100684A4B00_1_26_76.tif,10300100C46F5900_1_26_76.tif,1_26_76,0
0.11497495,0.8392157,0.09010304,-0.037784964,-0.06821104,2,2,False,10400100684A4B00_1_26_78.tif,10300100C46F5900_1_26_78.tif,1_26_78,0
0.18211414,0.8509804,0.14289334,0.050562646,0.059604004,0,2,False,10400100684A4B00_1_26_79.tif,10300100C46F5900_1_26_79.tif,1_26_79,0
0.21644203,0.9607843,0.15268748,-0.15984355,-0.19761261,1,0,False,10400100684A4B00_1_2_84.tif,10300100C46F5900_1_2_84.tif,1_2_84,0
0.11955233,0.65882355,0.07745781,-0.10586251,-0.08881425,0,3,False,10400100684A4B00_1_2_89.tif,10300100C46F5900_1_2_89.tif,1_2_89,0
0.2964411,0.99215686,0.18083403,-0.21691138,-0.27194482,5,0,False,10400100684A4B00_1_3_84.tif,10300100C46F5900_1_3_84.tif,1_3_84,0
0.24003045,0.8509804,0.17423436,0.1393509,0.14004903,0,1,False,10400100684A4B00_1_3_89.tif,10300100C46F5900_1_3_89.tif,1_3_89,0
0.5310659,0.9843137,0.23426661,0.49307021,0.5252185,0,1,False,10400100684A4B00_1_3_90.tif,10300100C46F5900_1_3_90.tif,1_3_90,1
0.11827294,0.654902,0.08696113,-0.000186093,-0.0037743193,2,1,False,10400100684A4B00_1_3_94.tif,10300100C46F5900_1_3_94.tif,1_3_94,0
0.13809635,0.8039216,0.11186538,0.020952215,0.022820925,1,2,False,10400100684A4B00_1_4_102.tif,10300100C46F5900_1_4_102.tif,1_4_102,0
0.20246239,0.90588236,0.12410651,-0.109016806,-0.111048795,15,1,False,10400100684A4B00_1_4_103.tif,10300100C46F5900_1_4_103.tif,1_4_103,0
0.20654184,0.8666667,0.13893536,0.055918936,0.029975742,2,0,False,10400100684A4B00_1_4_104.tif,10300100C46F5900_1_4_104.tif,1_4_104,0
0.24999513,0.92156863,0.11460649,-0.24693745,-0.24966782,0,1,False,10400100684A4B00_1_4_88.tif,10300100C46F5900_1_4_88.tif,1_4_88,0
0.21674423,0.9647059,0.14935783,0.027252307,0.017255729,4,0,False,10400100684A4B00_1_4_89.tif,10300100C46F5900_1_4_89.tif,1_4_89,0
0.5432344,1.0,0.27683395,0.48267654,0.5283768,0,1,False,10400100684A4B00_1_4_90.tif,10300100C46F5900_1_4_90.tif,1_4_90,1
0.18092316,0.69411767,0.13160843,0.15881619,0.16341418,0,1,False,10400100684A4B00_1_4_94.tif,10300100C46F5900_1_4_94.tif,1_4_94,0
0.2357869,0.7647059,0.15749934,0.21525072,0.2139429,0,1,False,10400100684A4B00_1_4_95.tif,10300100C46F5900_1_4_95.tif,1_4_95,0
0.6039801,0.92941177,0.14622198,0.5703168,0.6039691,1,1,False,10400100684A4B00_1_4_98.tif,10300100C46F5900_1_4_98.tif,1_4_98,1
0.4936679,0.8862745,0.15765508,0.46235928,0.49358398,0,1,False,10400100684A4B00_1_4_99.tif,10300100C46F5900_1_4_99.tif,1_4_99,1
0.39231086,0.8235294,0.14467806,0.3628203,0.39084256,26,19,False,10400100684A4B00_1_5_100.tif,10300100C46F5900_1_5_100.tif,1_5_100,1
0.2246899,0.79607844,0.17670202,0.12406775,0.13241175,6,3,False,10400100684A4B00_1_5_101.tif,10300100C46F5900_1_5_101.tif,1_5_101,0
0.17693554,0.90588236,0.11811759,-0.09185814,-0.10256882,38,8,False,10400100684A4B00_1_5_102.tif,10300100C46F5900_1_5_102.tif,1_5_102,2
0.23771128,0.9411765,0.12037286,-0.22568512,-0.23036157,65,7,False,10400100684A4B00_1_5_103.tif,10300100C46F5900_1_5_103.tif,1_5_103,2
0.23641635,0.95686275,0.12367963,-0.23889978,-0.22735602,64,4,False,10400100684A4B00_1_5_104.tif,10300100C46F5900_1_5_104.tif,1_5_104,2
0.17284445,0.9411765,0.08330856,-0.14400207,-0.14657645,14,1,False,10400100684A4B00_1_5_105.tif,10300100C46F5900_1_5_105.tif,1_5_105,0
0.23712838,0.73333335,0.15585993,0.10160853,0.09661404,0,1,False,10400100684A4B00_1_5_87.tif,10300100C46F5900_1_5_87.tif,1_5_87,0
0.22850715,0.85490197,0.10452384,-0.21592988,-0.22783306,0,2,False,10400100684A4B00_1_5_88.tif,10300100C46F5900_1_5_88.tif,1_5_88,0
0.2424776,0.8666667,0.20688558,0.17168838,0.18904701,0,1,False,10400100684A4B00_1_5_90.tif,10300100C46F5900_1_5_90.tif,1_5_90,1
0.09670936,0.67058825,0.06474606,-0.111525156,-0.088246346,0,1,False,10400100684A4B00_1_5_91.tif,10300100C46F5900_1_5_91.tif,1_5_91,0
0.13976745,0.6862745,0.08869554,0.09336625,0.086365566,3,3,False,10400100684A4B00_1_5_95.tif,10300100C46F5900_1_5_95.tif,1_5_95,0
0.11609168,0.7019608,0.09915288,-0.04290388,-0.033930734,2,2,False,10400100684A4B00_1_5_96.tif,10300100C46F5900_1_5_96.tif,1_5_96,0
0.19807604,0.83137256,0.13006446,0.13535,0.14461595,4,1,False,10400100684A4B00_1_5_97.tif,10300100C46F5900_1_5_97.tif,1_5_97,0
0.40101817,0.85882354,0.18700488,0.4089263,0.3974769,5,2,False,10400100684A4B00_1_5_98.tif,10300100C46F5900_1_5_98.tif,1_5_98,1
0.3826478,0.80784315,0.14065035,0.37976012,0.38152963,7,2,False,10400100684A4B00_1_5_99.tif,10300100C46F5900_1_5_99.tif,1_5_99,1
0.45396352,0.8156863,0.1377741,0.45586687,0.45268935,45,11,False,10400100684A4B00_1_6_100.tif,10300100C46F5900_1_6_100.tif,1_6_100,1
0.18453044,0.58431375,0.09388895,0.20800158,0.17524713,4,2,False,10400100684A4B00_1_6_101.tif,10300100C46F5900_1_6_101.tif,1_6_101,0
0.19571741,0.85882354,0.14131415,0.106460094,0.07455566,25,2,False,10400100684A4B00_1_6_102.tif,10300100C46F5900_1_6_102.tif,1_6_102,0
0.16419868,0.9411765,0.11093919,-0.065342,-0.096326634,36,5,False,10400100684A4B00_1_6_103.tif,10300100C46F5900_1_6_103.tif,1_6_103,0
0.20777988,0.92941177,0.12701184,-0.19390352,-0.19766636,64,9,False,10400100684A4B00_1_6_104.tif,10300100C46F5900_1_6_104.tif,1_6_104,2
0.18402638,0.9372549,0.12275761,-0.17093901,-0.17277692,83,7,False,10400100684A4B00_1_6_105.tif,10300100C46F5900_1_6_105.tif,1_6_105,2
0.116251215,0.92941177,0.10896639,-0.0514337,-0.050113093,9,1,False,10400100684A4B00_1_6_106.tif,10300100C46F5900_1_6_106.tif,1_6_106,0
0.17288496,0.79607844,0.15250096,0.127145,0.10850404,0,1,False,10400100684A4B00_1_6_86.tif,10300100C46F5900_1_6_86.tif,1_6_86,0
0.18122129,0.9882353,0.14718424,0.09712321,0.06916731,16,6,False,10400100684A4B00_1_6_87.tif,10300100C46F5900_1_6_87.tif,1_6_87,0
0.2212649,0.9607843,0.1396615,-0.18350998,-0.2074889,21,4,False,10400100684A4B00_1_6_88.tif,10300100C46F5900_1_6_88.tif,1_6_88,0
0.23275518,0.8039216,0.102672346,-0.12709732,-0.17145632,0,1,False,10400100684A4B00_1_6_89.tif,10300100C46F5900_1_6_89.tif,1_6_89,0
0.11071231,0.73333335,0.097001426,-0.057510428,-0.028052052,0,1,False,10400100684A4B00_1_6_91.tif,10300100C46F5900_1_6_91.tif,1_6_91,0
0.08764661,0.73333335,0.06853441,0.0056974352,0.016031623,12,2,False,10400100684A4B00_1_6_94.tif,10300100C46F5900_1_6_94.tif,1_6_94,0
0.12967217,0.7764706,0.10656841,-0.0039708875,-0.015248598,27,4,False,10400100684A4B00_1_6_95.tif,10300100C46F5900_1_6_95.tif,1_6_95,0
0.17573397,0.85490197,0.118808575,0.041163497,0.022641324,16,7,False,10400100684A4B00_1_6_96.tif,10300100C46F5900_1_6_96.tif,1_6_96,0
0.16960365,0.7607843,0.1215038,-0.000996412,0.0030386886,71,5,False,10400100684A4B00_1_6_97.tif,10300100C46F5900_1_6_97.tif,1_6_97,0
0.44242528,0.87058824,0.16686048,0.40444422,0.43910483,3,5,False,10400100684A4B00_1_6_98.tif,10300100C46F5900_1_6_98.tif,1_6_98,1
0.40529534,0.7647059,0.14399788,0.40276182,0.4037621,6,3,False,10400100684A4B00_1_6_99.tif,10300100C46F5900_1_6_99.tif,1_6_99,1
0.16497464,0.85882354,0.10977958,0.13800982,0.08467668,4,2,False,10400100684A4B00_1_7_104.tif,10300100C46F5900_1_7_104.tif,1_7_104,0
0.1463487,0.9098039,0.12145075,-0.08209354,-0.10705068,75,12,False,10400100684A4B00_1_7_105.tif,10300100C46F5900_1_7_105.tif,1_7_105,2
0.10373881,0.8784314,0.09311038,-0.058968194,-0.06972287,34,5,False,10400100684A4B00_1_7_106.tif,10300100C46F5900_1_7_106.tif,1_7_106,0
0.09745284,0.7764706,0.07810122,-0.026674733,-0.06944904,1,2,False,10400100684A4B00_1_7_85.tif,10300100C46F5900_1_7_85.tif,1_7_85,0
0.11987905,0.8784314,0.117004916,0.047550507,0.0070927315,13,7,False,10400100684A4B00_1_7_86.tif,10300100C46F5900_1_7_86.tif,1_7_86,0
0.39829218,0.99607843,0.20392384,0.35282603,0.3671547,26,13,False,10400100684A4B00_1_7_87.tif,10300100C46F5900_1_7_87.tif,1_7_87,1
0.2038523,0.972549,0.15776281,-0.12153246,-0.13972123,15,9,False,10400100684A4B00_1_7_88.tif,10300100C46F5900_1_7_88.tif,1_7_88,2
0.13224411,0.84313726,0.07728236,-0.15413722,-0.12973043,0,2,False,10400100684A4B00_1_7_89.tif,10300100C46F5900_1_7_89.tif,1_7_89,0
0.14876854,0.7490196,0.102915555,-0.013640063,-0.03884088,0,1,False,10400100684A4B00_1_7_90.tif,10300100C46F5900_1_7_90.tif,1_7_90,0
0.11930751,0.7647059,0.08393899,-0.11177995,-0.10703287,0,2,False,10400100684A4B00_1_7_91.tif,10300100C46F5900_1_7_91.tif,1_7_91,0
0.3522318,0.9607843,0.20878913,0.31532958,0.32902905,0,1,False,10400100684A4B00_1_7_92.tif,10300100C46F5900_1_7_92.tif,1_7_92,1
0.23354557,0.8627451,0.15396003,0.2182331,0.20674127,27,3,False,10400100684A4B00_1_7_93.tif,10300100C46F5900_1_7_93.tif,1_7_93,0
0.1232715,0.8980392,0.11435857,-0.011500617,-0.029378416,111,3,False,10400100684A4B00_1_7_94.tif,10300100C46F5900_1_7_94.tif,1_7_94,2
0.20521423,0.99215686,0.13306718,-0.18488279,-0.19963238,37,6,False,10400100684A4B00_1_7_95.tif,10300100C46F5900_1_7_95.tif,1_7_95,2
0.19009821,0.89411765,0.15711257,-0.13853644,-0.15636586,19,8,False,10400100684A4B00_1_7_96.tif,10300100C46F5900_1_7_96.tif,1_7_96,2
0.2732603,0.70980394,0.1862718,0.2472779,0.2251077,23,4,False,10400100684A4B00_1_7_97.tif,10300100C46F5900_1_7_97.tif,1_7_97,1
0.42720023,0.7921569,0.10393521,0.45139965,0.4258085,0,1,False,10400100684A4B00_1_7_98.tif,10300100C46F5900_1_7_98.tif,1_7_98,1
0.63891464,1.0,0.10256976,0.6027319,0.6389082,10,2,False,10400100684A4B00_1_8_100.tif,10300100C46F5900_1_8_100.tif,1_8_100,1
0.50309414,0.9843137,0.171847,0.49210194,0.5025455,13,4,False,10400100684A4B00_1_8_101.tif,10300100C46F5900_1_8_101.tif,1_8_101,1
0.13884419,0.81960785,0.10815503,0.14500254,0.1172322,14,1,False,10400100684A4B00_1_8_102.tif,10300100C46F5900_1_8_102.tif,1_8_102,0
0.2008369,0.8784314,0.12911764,0.19451515,0.14844267,7,4,False,10400100684A4B00_1_8_105.tif,10300100C46F5900_1_8_105.tif,1_8_105,0
0.17934091,0.83137256,0.1282272,0.12100379,0.0745678,8,6,False,10400100684A4B00_1_8_81.tif,10300100C46F5900_1_8_81.tif,1_8_81,0
0.08331478,0.8627451,0.07346794,-0.011652083,0.012607439,0,2,False,10400100684A4B00_1_8_82.tif,10300100C46F5900_1_8_82.tif,1_8_82,0
0.08316921,0.8156863,0.076218344,0.03240843,-0.0083019165,1,1,False,10400100684A4B00_1_8_84.tif,10300100C46F5900_1_8_84.tif,1_8_84,0
0.14429148,0.9529412,0.1367786,-0.080351055,-0.10669632,26,8,False,10400100684A4B00_1_8_85.tif,10300100C46F5900_1_8_85.tif,1_8_85,2
0.15351154,0.972549,0.15205492,-0.033437517,-0.048650634,35,12,False,10400100684A4B00_1_8_86.tif,10300100C46F5900_1_8_86.tif,1_8_86,2
0.20711657,0.9372549,0.18151149,0.07070367,0.062419474,34,10,False,10400100684A4B00_1_8_87.tif,10300100C46F5900_1_8_87.tif,1_8_87,2
0.2563312,0.9882353,0.16682033,-0.2322082,-0.23846887,18,15,False,10400100684A4B00_1_8_88.tif,10300100C46F5900_1_8_88.tif,1_8_88,2
0.19870052,0.9882353,0.118827604,-0.2580422,-0.19842073,1,2,False,10400100684A4B00_1_8_89.tif,10300100C46F5900_1_8_89.tif,1_8_89,0
0.18312743,0.8509804,0.14987272,-9.3866365e-05,0.016763944,1,2,False,10400100684A4B00_1_8_90.tif,10300100C46F5900_1_8_90.tif,1_8_90,0
0.13323283,0.85882354,0.12358539,-0.06935329,-0.07738668,4,1,False,10400100684A4B00_1_8_92.tif,10300100C46F5900_1_8_92.tif,1_8_92,0
0.14498754,0.84313726,0.12004725,0.00029238328,-0.036696136,29,7,False,10400100684A4B00_1_8_93.tif,10300100C46F5900_1_8_93.tif,1_8_93,0
0.14736085,0.84313726,0.097726345,-0.031947702,-0.06932974,6,5,False,10400100684A4B00_1_8_94.tif,10300100C46F5900_1_8_94.tif,1_8_94,0
0.17037837,0.9411765,0.11858254,0.06492683,0.008477866,5,2,False,10400100684A4B00_1_8_95.tif,10300100C46F5900_1_8_95.tif,1_8_95,0
0.53302205,0.92156863,0.0613723,0.537304,0.53302205,0,2,False,10400100684A4B00_1_8_98.tif,10300100C46F5900_1_8_98.tif,1_8_98,1
0.6388414,1.0,0.0959962,0.6146965,0.63884133,9,3,False,10400100684A4B00_1_8_99.tif,10300100C46F5900_1_8_99.tif,1_8_99,1
0.6283992,1.0,0.12855554,0.5586765,0.6283992,2,1,False,10400100684A4B00_1_9_100.tif,10300100C46F5900_1_9_100.tif,1_9_100,1
0.5047633,0.96862745,0.1458649,0.45850623,0.5042409,5,1,False,10400100684A4B00_1_9_101.tif,10300100C46F5900_1_9_101.tif,1_9_101,1
0.22338219,0.9019608,0.09958361,0.19661978,0.21464577,7,0,False,10400100684A4B00_1_9_102.tif,10300100C46F5900_1_9_102.tif,1_9_102,0
0.15910433,0.6784314,0.0866532,0.14212506,0.14598434,19,1,False,10400100684A4B00_1_9_103.tif,10300100C46F5900_1_9_103.tif,1_9_103,0
0.12710015,0.5490196,0.09858214,0.13499166,0.1064629,1,1,False,10400100684A4B00_1_9_104.tif,10300100C46F5900_1_9_104.tif,1_9_104,0
0.2516149,0.9254902,0.16637161,0.057849947,0.039793972,47,4,False,10400100684A4B00_1_9_79.tif,10300100C46F5900_1_9_79.tif,1_9_79,2
0.14348447,0.87058824,0.11371726,0.023665484,0.014761061,29,3,False,10400100684A4B00_1_9_80.tif,10300100C46F5900_1_9_80.tif,1_9_80,0
0.12994516,0.85490197,0.113564976,-0.012620122,-0.026155878,2,2,False,10400100684A4B00_1_9_81.tif,10300100C46F5900_1_9_81.tif,1_9_81,0
0.11127656,0.9019608,0.10357033,-0.08777519,-0.07273886,7,3,False,10400100684A4B00_1_9_84.tif,10300100C46F5900_1_9_84.tif,1_9_84,0
0.12114456,0.95686275,0.108456016,-0.06927818,-0.056329563,12,12,False,10400100684A4B00_1_9_85.tif,10300100C46F5900_1_9_85.tif,1_9_85,2
0.11969308,1.0,0.10967092,-0.07321343,-0.04252456,37,8,False,10400100684A4B00_1_9_86.tif,10300100C46F5900_1_9_86.tif,1_9_86,2
0.17054547,0.8980392,0.14589164,0.05168638,0.032555025,183,22,False,10400100684A4B00_1_9_87.tif,10300100C46F5900_1_9_87.tif,1_9_87,2
0.1901481,0.9372549,0.13753048,-0.08167377,-0.101141155,119,17,False,10400100684A4B00_1_9_88.tif,10300100C46F5900_1_9_88.tif,1_9_88,2
0.16665787,0.91764706,0.09563329,-0.18545099,-0.15207492,11,1,False,10400100684A4B00_1_9_89.tif,10300100C46F5900_1_9_89.tif,1_9_89,0
0.30401313,0.9411765,0.23669517,0.23752072,0.2543213,10,4,False,10400100684A4B00_1_9_91.tif,10300100C46F5900_1_9_91.tif,1_9_91,1
0.1843502,0.8352941,0.14277968,-0.10534707,-0.11296311,9,7,False,10400100684A4B00_1_9_92.tif,10300100C46F5900_1_9_92.tif,1_9_92,0
0.21598962,0.78039217,0.15787113,0.11112437,0.10700546,2,6,False,10400100684A4B00_1_9_93.tif,10300100C46F5900_1_9_93.tif,1_9_93,0
0.1288576,0.64705884,0.098356955,0.13555227,0.080223136,0,1,False,10400100684A4B00_1_9_94.tif,10300100C46F5900_1_9_94.tif,1_9_94,0
0.16433561,0.5490196,0.09973488,0.21769147,0.1544663,0,2,False,10400100684A4B00_1_9_96.tif,10300100C46F5900_1_9_96.tif,1_9_96,0
0.13062932,0.65882355,0.10522653,0.09070011,0.058201842,8,6,False,10400100684A4B00_1_9_97.tif,10300100C46F5900_1_9_97.tif,1_9_97,0
0.48085997,0.88235295,0.14440341,0.43775815,0.47974557,16,3,False,10400100684A4B00_1_9_98.tif,10300100C46F5900_1_9_98.tif,1_9_98,1
0.6592508,0.98039216,0.113889664,0.58265483,0.6588018,11,2,False,10400100684A4B00_1_9_99.tif,10300100C46F5900_1_9_99.tif,1_9_99,1
0.14316864,0.92941177,0.11736582,-0.11342091,-0.098893546,36,4,False,10300100AF395C00_2_13_45.tif,10300100C46F5900_2_13_45.tif,2_13_45,0
0.17150535,1.0,0.13548073,-0.06558029,-0.041029617,35,5,False,10300100AF395C00_2_13_46.tif,10300100C46F5900_2_13_46.tif,2_13_46,2
0.24762912,0.9764706,0.14796811,0.14156282,0.15135255,17,3,False,10300100AF395C00_2_13_47.tif,10300100C46F5900_2_13_47.tif,2_13_47,0
0.17800617,0.8862745,0.1253653,0.10446328,0.119083956,3,0,False,10300100AF395C00_2_13_48.tif,10300100C46F5900_2_13_48.tif,2_13_48,0
0.14963235,0.8666667,0.1067453,-0.07096385,-0.052406587,35,7,False,10300100AF395C00_2_14_45.tif,10300100C46F5900_2_14_45.tif,2_14_45,0
0.1671616,0.9019608,0.12202071,-0.12730359,-0.10476723,165,14,False,10300100AF395C00_2_14_46.tif,10300100C46F5900_2_14_46.tif,2_14_46,2
0.16696712,0.89411765,0.1243176,0.08707499,0.09626414,35,7,False,10300100AF395C00_2_14_47.tif,10300100C46F5900_2_14_47.tif,2_14_47,0
0.16044621,0.92156863,0.108127534,0.09015379,0.09966122,125,9,False,10300100AF395C00_2_14_48.tif,10300100C46F5900_2_14_48.tif,2_14_48,2
0.12380082,0.6666666,0.08488639,0.07882216,0.08445321,23,3,False,10300100AF395C00_2_14_49.tif,10300100C46F5900_2_14_49.tif,2_14_49,0
0.12665616,0.87058824,0.08741703,-0.070214964,-0.06667633,1,1,False,10300100AF395C00_2_14_51.tif,10300100C46F5900_2_14_51.tif,2_14_51,0
0.2263114,0.95686275,0.17239754,0.027206264,0.031885866,4,2,False,10300100AF395C00_2_15_44.tif,10300100C46F5900_2_15_44.tif,2_15_44,0
0.2308162,0.98039216,0.18607752,0.11470299,0.13213338,48,12,False,10300100AF395C00_2_15_45.tif,10300100C46F5900_2_15_45.tif,2_15_45,2
0.11224624,0.8352941,0.08494919,-0.10368671,-0.08365734,20,2,False,10300100AF395C00_2_15_46.tif,10300100C46F5900_2_15_46.tif,2_15_46,0
0.10671759,0.8862745,0.0764177,-0.1035114,-0.09182564,27,5,False,10300100AF395C00_2_15_47.tif,10300100C46F5900_2_15_47.tif,2_15_47,0
0.13225015,0.7921569,0.097591005,-0.038831472,-0.027923465,143,13,False,10300100AF395C00_2_15_48.tif,10300100C46F5900_2_15_48.tif,2_15_48,2
0.1859431,0.972549,0.12709749,0.10940939,0.119363345,109,12,False,10300100AF395C00_2_15_49.tif,10300100C46F5900_2_15_49.tif,2_15_49,2
0.14005081,0.7882353,0.10084304,0.09078592,0.10666767,58,10,False,10300100AF395C00_2_15_50.tif,10300100C46F5900_2_15_50.tif,2_15_50,2
0.11890405,0.827451,0.09390324,0.048866738,0.06291472,12,4,False,10300100AF395C00_2_15_51.tif,10300100C46F5900_2_15_51.tif,2_15_51,0
0.21042415,0.6117647,0.09944422,0.20722063,0.2088059,0,1,False,10300100AF395C00_2_16_36.tif,10300100C46F5900_2_16_36.tif,2_16_36,0
0.11398422,0.5019608,0.080978915,0.085065044,0.08396419,0,1,False,10300100AF395C00_2_16_37.tif,10300100C46F5900_2_16_37.tif,2_16_37,0
0.0941572,0.49411768,0.06627026,0.056655712,0.054685626,0,1,False,10300100AF395C00_2_16_38.tif,10300100C46F5900_2_16_38.tif,2_16_38,0
0.08689236,0.40392157,0.06335148,-0.0074429754,-0.0044858567,0,1,False,10300100AF395C00_2_16_39.tif,10300100C46F5900_2_16_39.tif,2_16_39,0
0.20213091,0.93333334,0.15769719,0.14990567,0.15205754,16,9,False,10300100AF395C00_2_16_44.tif,10300100C46F5900_2_16_44.tif,2_16_44,2
0.5432409,1.0,0.16114458,0.5086126,0.5424143,17,8,False,10300100AF395C00_2_16_45.tif,10300100C46F5900_2_16_45.tif,2_16_45,1
0.093389206,0.7764706,0.07366917,-0.009505209,-0.006892939,10,0,False,10300100AF395C00_2_16_48.tif,10300100C46F5900_2_16_48.tif,2_16_48,0
0.12633033,0.8666667,0.10026544,-0.005103994,0.00460007,161,7,False,10300100AF395C00_2_16_49.tif,10300100C46F5900_2_16_49.tif,2_16_49,2
0.18341771,1.0,0.120712295,0.105147995,0.11633122,49,4,False,10300100AF395C00_2_16_50.tif,10300100C46F5900_2_16_50.tif,2_16_50,0
0.15509647,0.9843137,0.114479005,0.033319343,0.04629196,96,12,False,10300100AF395C00_2_16_51.tif,10300100C46F5900_2_16_51.tif,2_16_51,2
0.15324304,0.6313726,0.10250867,0.12523346,0.1338115,2,1,False,10300100AF395C00_2_17_36.tif,10300100C46F5900_2_17_36.tif,2_17_36,0
0.090983525,0.43137258,0.06766954,-0.031018656,-0.026063865,0,1,False,10300100AF395C00_2_17_39.tif,10300100C46F5900_2_17_39.tif,2_17_39,0
0.258819,0.8235294,0.181204,0.21999106,0.2241099,3,1,False,10300100AF395C00_2_17_40.tif,10300100C46F5900_2_17_40.tif,2_17_40,1
0.1502661,0.89411765,0.119260386,-0.017968282,-0.001301982,18,12,False,10300100AF395C00_2_17_44.tif,10300100C46F5900_2_17_44.tif,2_17_44,2
0.1814058,0.8627451,0.14592122,0.057173263,0.075149335,6,0,False,10300100AF395C00_2_17_45.tif,10300100C46F5900_2_17_45.tif,2_17_45,0
0.13351576,0.92156863,0.11909455,0.07218896,0.07513855,14,1,False,10300100AF395C00_2_17_48.tif,10300100C46F5900_2_17_48.tif,2_17_48,0
0.10074924,0.85490197,0.08922742,0.022563325,0.033765566,30,1,False,10300100AF395C00_2_17_49.tif,10300100C46F5900_2_17_49.tif,2_17_49,0
0.12563607,0.9882353,0.101768754,0.042496454,0.043998253,0,1,False,10300100AF395C00_2_17_50.tif,10300100C46F5900_2_17_50.tif,2_17_50,0
0.122415066,0.8745098,0.10068723,0.026196184,0.036909927,3,2,False,10300100AF395C00_2_17_51.tif,10300100C46F5900_2_17_51.tif,2_17_51,0
0.17275602,0.9254902,0.12885287,0.120825745,0.13561167,26,4,False,10300100AF395C00_2_17_52.tif,10300100C46F5900_2_17_52.tif,2_17_52,0
0.09303432,0.6823529,0.07617265,0.034651123,0.036864776,4,1,False,10300100AF395C00_2_17_53.tif,10300100C46F5900_2_17_53.tif,2_17_53,0
0.15555437,0.7921569,0.108731404,-0.009485048,-0.007234535,16,4,False,10300100AF395C00_2_18_35.tif,10300100C46F5900_2_18_35.tif,2_18_35,0
0.17735073,0.54509807,0.1077386,0.15553175,0.16298775,6,2,False,10300100AF395C00_2_18_36.tif,10300100C46F5900_2_18_36.tif,2_18_36,0
0.1596339,0.65882355,0.11171323,0.13239382,0.13253792,0,1,False,10300100AF395C00_2_18_40.tif,10300100C46F5900_2_18_40.tif,2_18_40,0
0.5029346,0.9607843,0.15108195,0.4657459,0.50289637,0,1,False,10300100AF395C00_2_18_41.tif,10300100C46F5900_2_18_41.tif,2_18_41,1
0.5500085,0.9843137,0.17986067,0.51243234,0.5452128,43,8,False,10300100AF395C00_2_18_44.tif,10300100C46F5900_2_18_44.tif,2_18_44,1
0.1678925,0.90588236,0.14861935,-0.005220058,0.0068386914,3,0,False,10300100AF395C00_2_18_45.tif,10300100C46F5900_2_18_45.tif,2_18_45,0
0.11214884,0.95686275,0.10976191,0.026584074,0.041909967,16,2,False,10300100AF395C00_2_18_52.tif,10300100C46F5900_2_18_52.tif,2_18_52,0
0.18272917,0.9137255,0.15449892,0.10573949,0.13397837,83,8,False,10300100AF395C00_2_18_53.tif,10300100C46F5900_2_18_53.tif,2_18_53,2
0.11683228,0.77254903,0.104979075,0.03319148,0.04500027,19,5,False,10300100AF395C00_2_18_54.tif,10300100C46F5900_2_18_54.tif,2_18_54,0
0.13012187,0.94509804,0.12958053,0.073948964,0.056553952,18,1,False,10300100AF395C00_2_18_59.tif,10300100C46F5900_2_18_59.tif,2_18_59,0
0.17853081,0.9607843,0.13144493,0.11274408,0.11120957,90,9,False,10300100AF395C00_2_18_60.tif,10300100C46F5900_2_18_60.tif,2_18_60,2
0.18981914,0.972549,0.13519531,0.053354472,0.06049147,85,10,False,10300100AF395C00_2_18_61.tif,10300100C46F5900_2_18_61.tif,2_18_61,2
0.1468899,0.9098039,0.10310564,-0.0076667382,0.00962833,49,10,False,10300100AF395C00_2_18_62.tif,10300100C46F5900_2_18_62.tif,2_18_62,2
0.17472756,0.7137255,0.11958255,-0.10448594,-0.08626388,3,2,False,10300100AF395C00_2_18_63.tif,10300100C46F5900_2_18_63.tif,2_18_63,0
0.17836098,0.8784314,0.12829179,-0.11494754,-0.11609644,0,2,False,10300100AF395C00_2_19_35.tif,10300100C46F5900_2_19_35.tif,2_19_35,0
0.61581314,1.0,0.13730611,0.5683049,0.61581314,1,2,False,10300100AF395C00_2_19_41.tif,10300100C46F5900_2_19_41.tif,2_19_41,1
0.53922606,1.0,0.2516676,0.4993083,0.53095156,2,2,False,10300100AF395C00_2_19_43.tif,10300100C46F5900_2_19_43.tif,2_19_43,1
0.21104084,0.89411765,0.1524414,0.11502383,0.1256217,65,9,False,10300100AF395C00_2_19_44.tif,10300100C46F5900_2_19_44.tif,2_19_44,2
0.09133761,0.70980394,0.066282645,0.0041172756,0.009991053,5,4,False,10300100AF395C00_2_19_45.tif,10300100C46F5900_2_19_45.tif,2_19_45,0
0.10681507,0.8784314,0.09828614,0.02222678,0.031153297,16,1,False,10300100AF395C00_2_19_53.tif,10300100C46F5900_2_19_53.tif,2_19_53,0
0.1782705,0.93333334,0.14956933,0.09028674,0.11667951,51,4,False,10300100AF395C00_2_19_54.tif,10300100C46F5900_2_19_54.tif,2_19_54,2
0.15489689,0.8235294,0.104594946,0.12146101,0.13535918,8,6,False,10300100AF395C00_2_19_55.tif,10300100C46F5900_2_19_55.tif,2_19_55,0
0.09663089,0.9490196,0.071877815,0.035645433,0.044434022,25,7,False,10300100AF395C00_2_19_56.tif,10300100C46F5900_2_19_56.tif,2_19_56,0
0.100935735,0.9764706,0.077574044,0.041774683,0.042651128,51,8,False,10300100AF395C00_2_19_57.tif,10300100C46F5900_2_19_57.tif,2_19_57,2
0.15238626,0.9529412,0.15417099,0.08009048,0.08012507,29,12,False,10300100AF395C00_2_19_58.tif,10300100C46F5900_2_19_58.tif,2_19_58,2
0.1899408,0.9529412,0.16767973,0.04051754,0.045762397,91,12,False,10300100AF395C00_2_19_59.tif,10300100C46F5900_2_19_59.tif,2_19_59,2
0.09649623,0.9843137,0.085372604,-0.0142520275,-0.012911756,58,10,False,10300100AF395C00_2_19_60.tif,10300100C46F5900_2_19_60.tif,2_19_60,2
0.09438528,0.8352941,0.07611607,-0.03666912,-0.033018023,57,4,False,10300100AF395C00_2_19_61.tif,10300100C46F5900_2_19_61.tif,2_19_61,0
0.12449534,0.9490196,0.09771618,-0.0064886883,0.0054278215,10,7,False,10300100AF395C00_2_19_62.tif,10300100C46F5900_2_19_62.tif,2_19_62,0
0.17542204,0.8235294,0.10862947,-0.0006424481,0.0058428063,37,2,False,10300100AF395C00_2_19_63.tif,10300100C46F5900_2_19_63.tif,2_19_63,0
0.122469425,0.91764706,0.09912766,-0.09003211,-0.07826332,1,3,False,10300100AF395C00_2_20_35.tif,10300100C46F5900_2_20_35.tif,2_20_35,0
0.1022477,0.38823533,0.07229962,0.026688488,0.035005905,0,2,False,10300100AF395C00_2_20_36.tif,10300100C46F5900_2_20_36.tif,2_20_36,0
0.12603514,0.70980394,0.08398913,0.08613382,0.08951485,1,3,False,10300100AF395C00_2_20_37.tif,10300100C46F5900_2_20_37.tif,2_20_37,0
0.12126292,0.5803921,0.08721439,0.07790452,0.07691895,0,2,False,10300100AF395C00_2_20_38.tif,10300100C46F5900_2_20_38.tif,2_20_38,0
0.1413851,0.5647059,0.09994358,0.114355594,0.10258348,0,2,False,10300100AF395C00_2_20_39.tif,10300100C46F5900_2_20_39.tif,2_20_39,0
0.290617,0.8156863,0.18555695,0.26289815,0.27332976,0,2,False,10300100AF395C00_2_20_40.tif,10300100C46F5900_2_20_40.tif,2_20_40,1
0.6379495,1.0,0.16514705,0.58320177,0.6377872,23,7,False,10300100AF395C00_2_20_41.tif,10300100C46F5900_2_20_41.tif,2_20_41,1
0.63853115,1.0,0.17973259,0.5953091,0.6385215,0,4,False,10300100AF395C00_2_20_42.tif,10300100C46F5900_2_20_42.tif,2_20_42,1
0.2968603,1.0,0.26219657,0.17564715,0.18828388,5,8,False,10300100AF395C00_2_20_43.tif,10300100C46F5900_2_20_43.tif,2_20_43,1
0.12520361,0.8901961,0.107399836,-0.068716325,-0.06403627,18,7,False,10300100AF395C00_2_20_44.tif,10300100C46F5900_2_20_44.tif,2_20_44,0
0.098287724,0.84313726,0.08068245,-0.06358887,-0.05889937,2,4,False,10300100AF395C00_2_20_45.tif,10300100C46F5900_2_20_45.tif,2_20_45,0
0.12356935,0.9411765,0.08902391,-0.07842395,-0.07780839,13,1,False,10300100AF395C00_2_20_54.tif,10300100C46F5900_2_20_54.tif,2_20_54,0
0.18700343,0.9254902,0.16469005,0.12890282,0.14696574,42,7,False,10300100AF395C00_2_20_55.tif,10300100C46F5900_2_20_55.tif,2_20_55,2
0.18923321,0.92156863,0.15407763,0.07632687,0.10159569,133,12,False,10300100AF395C00_2_20_56.tif,10300100C46F5900_2_20_56.tif,2_20_56,2
0.17839015,0.94509804,0.14427175,0.0110124545,0.030074976,162,28,False,10300100AF395C00_2_20_57.tif,10300100C46F5900_2_20_57.tif,2_20_57,2
0.15900297,0.9372549,0.1481215,0.015332699,0.029735023,89,24,False,10300100AF395C00_2_20_58.tif,10300100C46F5900_2_20_58.tif,2_20_58,2
0.22875209,0.8901961,0.17292862,0.13577525,0.14739406,25,7,False,10300100AF395C00_2_20_59.tif,10300100C46F5900_2_20_59.tif,2_20_59,2
0.33148116,0.68235296,0.16348019,0.31100756,0.31318387,3,1,False,10300100AF395C00_2_20_60.tif,10300100C46F5900_2_20_60.tif,2_20_60,1
0.2533188,0.6156863,0.14362548,0.22073042,0.21819317,0,1,False,10300100AF395C00_2_20_61.tif,10300100C46F5900_2_20_61.tif,2_20_61,0
0.1357936,0.6509804,0.10160054,0.06050983,0.06615959,0,2,False,10300100AF395C00_2_20_62.tif,10300100C46F5900_2_20_62.tif,2_20_62,0
0.323269,0.96862745,0.22500087,0.23372358,0.23627986,3,0,False,10300100AF395C00_2_20_65.tif,10300100C46F5900_2_20_65.tif,2_20_65,1
0.13329019,0.7647059,0.10636147,-0.0864763,-0.07909354,4,1,False,10300100AF395C00_2_21_37.tif,10300100C46F5900_2_21_37.tif,2_21_37,0
0.65423685,1.0,0.17789201,0.5962405,0.65186715,23,1,False,10300100AF395C00_2_21_41.tif,10300100C46F5900_2_21_41.tif,2_21_41,1
0.28591654,0.9098039,0.20192422,0.24137883,0.2582893,46,4,False,10300100AF395C00_2_21_42.tif,10300100C46F5900_2_21_42.tif,2_21_42,1
0.15288658,0.85882354,0.12285849,-0.027502952,-0.019669948,52,7,False,10300100AF395C00_2_21_43.tif,10300100C46F5900_2_21_43.tif,2_21_43,2
0.19158569,0.78039217,0.15357497,0.11626816,0.11998844,73,11,False,10300100AF395C00_2_21_44.tif,10300100C46F5900_2_21_44.tif,2_21_44,2
0.09490778,0.74509805,0.07992664,0.016204998,0.017801834,0,1,False,10300100AF395C00_2_21_45.tif,10300100C46F5900_2_21_45.tif,2_21_45,0
0.17127246,0.9647059,0.14348522,0.06330416,0.07442053,16,7,False,10300100AF395C00_2_21_56.tif,10300100C46F5900_2_21_56.tif,2_21_56,0
0.21978427,0.9647059,0.16353005,0.0028391103,0.028658366,39,11,False,10300100AF395C00_2_21_57.tif,10300100C46F5900_2_21_57.tif,2_21_57,2
0.38107157,0.84313726,0.18390875,0.34868792,0.3656281,4,3,False,10300100AF395C00_2_21_58.tif,10300100C46F5900_2_21_58.tif,2_21_58,1
0.11984946,0.5019608,0.08017324,-0.11860948,-0.09734863,0,1,False,10300100AF395C00_2_22_34.tif,10300100C46F5900_2_22_34.tif,2_22_34,0
0.11699078,0.4509804,0.076190345,-0.10228272,-0.08625287,0,1,False,10300100AF395C00_2_22_35.tif,10300100C46F5900_2_22_35.tif,2_22_35,0
0.11097973,0.84313726,0.082660474,-0.08596329,-0.07185929,0,1,False,10300100AF395C00_2_22_36.tif,10300100C46F5900_2_22_36.tif,2_22_36,0
0.12642325,0.5764706,0.088474214,-0.072082505,-0.06788177,0,1,False,10300100AF395C00_2_22_37.tif,10300100C46F5900_2_22_37.tif,2_22_37,0
0.18608539,0.7607843,0.12673205,0.15023799,0.14561883,15,5,False,10300100AF395C00_2_22_41.tif,10300100C46F5900_2_22_41.tif,2_22_41,0
0.15272693,0.8666667,0.119682565,0.03837942,0.043331243,97,8,False,10300100AF395C00_2_22_42.tif,10300100C46F5900_2_22_42.tif,2_22_42,2
0.1834828,0.94509804,0.124179706,-0.15348719,-0.14343762,67,3,False,10300100AF395C00_2_22_43.tif,10300100C46F5900_2_22_43.tif,2_22_43,2
0.13776371,0.9372549,0.10792665,-0.08481026,-0.0731563,55,9,False,10300100AF395C00_2_22_44.tif,10300100C46F5900_2_22_44.tif,2_22_44,2
0.12716506,0.65882355,0.09690109,0.08364636,0.08106188,0,2,False,10300100AF395C00_2_22_45.tif,10300100C46F5900_2_22_45.tif,2_22_45,0
0.5155785,1.0,0.22784905,0.46751794,0.50333834,72,3,False,10300100AF395C00_2_23_42.tif,10300100C46F5900_2_23_42.tif,2_23_42,1
0.2825597,0.94509804,0.21344335,0.21171398,0.21674374,33,5,False,10300100AF395C00_2_23_43.tif,10300100C46F5900_2_23_43.tif,2_23_43,1
0.20950152,0.92941177,0.18597114,0.0927328,0.10165993,17,3,False,10300100AF395C00_2_23_44.tif,10300100C46F5900_2_23_44.tif,2_23_44,0
0.113531694,0.4901961,0.07548274,-0.036024176,-0.036189035,0,1,False,10300100AF395C00_2_23_45.tif,10300100C46F5900_2_23_45.tif,2_23_45,0
0.5505707,1.0,0.25258774,0.5088542,0.54462093,2,1,False,10300100AF395C00_2_24_42.tif,10300100C46F5900_2_24_42.tif,2_24_42,1
0.524418,1.0,0.19013394,0.5013882,0.52360666,0,1,False,10300100AF395C00_2_24_44.tif,10300100C46F5900_2_24_44.tif,2_24_44,1
0.17694665,0.7294118,0.10677025,-0.19552296,-0.17087582,0,1,False,10300100AF395C00_2_25_36.tif,10300100C46F5900_2_25_36.tif,2_25_36,0
0.10148352,0.5803921,0.07094658,-0.0019702376,0.00084721314,0,1,False,10300100AF395C00_2_26_33.tif,10300100C46F5900_2_26_33.tif,2_26_33,0
0.112749085,0.69411767,0.09746982,0.03811228,0.034299787,4,1,False,10300100AF395C00_2_26_34.tif,10300100C46F5900_2_26_34.tif,2_26_34,0
0.23169921,0.98039216,0.2006842,0.12557337,0.127492,5,2,False,10300100AF395C00_2_26_35.tif,10300100C46F5900_2_26_35.tif,2_26_35,1
0.2610309,0.972549,0.13010703,-0.13571179,-0.124784395,1,2,False,10300100AF395C00_2_26_36.tif,10300100C46F5900_2_26_36.tif,2_26_36,0
0.09907698,0.7254902,0.075089954,0.013498059,0.0065195863,20,1,False,10300100AF395C00_2_27_33.tif,10300100C46F5900_2_27_33.tif,2_27_33,0
0.120747805,0.6431373,0.099229924,0.056984358,0.048663348,11,0,False,10300100AF395C00_2_27_34.tif,10300100C46F5900_2_27_34.tif,2_27_34,0
0.2350836,0.85490197,0.15197831,-0.0075739548,0.0046190144,0,1,False,10300100AF395C00_2_27_36.tif,10300100C46F5900_2_27_36.tif,2_27_36,0
0.16870753,0.7372549,0.10700259,-0.12090298,-0.111881375,0,2,False,10300100AF395C00_2_27_37.tif,10300100C46F5900_2_27_37.tif,2_27_37,0
0.12308697,0.87058824,0.08925477,0.053076394,0.049033545,0,1,False,10300100AF395C00_2_28_32.tif,10300100C46F5900_2_28_32.tif,2_28_32,0
0.10467976,0.8745098,0.07488429,-0.07843176,-0.076760314,12,1,False,10300100AF395C00_2_28_33.tif,10300100C46F5900_2_28_33.tif,2_28_33,0
0.14682041,0.5882353,0.09070657,-0.047433037,-0.039507,0,4,False,10300100AF395C00_2_28_36.tif,10300100C46F5900_2_28_36.tif,2_28_36,0
0.13237989,0.7058824,0.0933392,0.009909907,0.016473565,0,2,False,10300100AF395C00_2_28_37.tif,10300100C46F5900_2_28_37.tif,2_28_37,0
0.16873123,0.85490197,0.15723675,0.024549898,0.029479008,0,1,False,10300100AF395C00_2_29_32.tif,10300100C46F5900_2_29_32.tif,2_29_32,0
0.123356126,0.627451,0.08196212,-0.116515435,-0.103214204,0,1,False,10300100AF395C00_2_29_33.tif,10300100C46F5900_2_29_33.tif,2_29_33,0
0.093633264,0.6,0.071310446,-0.011481,-0.0030051332,0,1,False,10300100AF395C00_2_29_34.tif,10300100C46F5900_2_29_34.tif,2_29_34,0
0.13517906,0.6156863,0.08938763,-0.047245704,-0.04514642,0,5,False,10300100AF395C00_2_29_35.tif,10300100C46F5900_2_29_35.tif,2_29_35,0
0.15640806,0.6431373,0.089714184,-0.160441,-0.14688477,0,8,False,10300100AF395C00_2_29_36.tif,10300100C46F5900_2_29_36.tif,2_29_36,0
0.11701001,0.6313726,0.08902672,-0.042371243,-0.039264478,1,3,False,10300100AF395C00_2_29_37.tif,10300100C46F5900_2_29_37.tif,2_29_37,0
0.14338459,0.6117647,0.09897121,0.101368755,0.09737218,1,1,False,10300100AF395C00_2_29_38.tif,10300100C46F5900_2_29_38.tif,2_29_38,0
0.17781664,0.78039217,0.09382427,-0.22119515,-0.17520574,2,1,False,10300100AF395C00_2_30_33.tif,10300100C46F5900_2_30_33.tif,2_30_33,0
0.1866816,0.92156863,0.1494837,0.009214625,0.02233915,0,3,False,10300100AF395C00_2_30_34.tif,10300100C46F5900_2_30_34.tif,2_30_34,0
0.2377958,0.972549,0.20994273,0.045458175,0.06519791,0,1,False,10300100AF395C00_2_30_35.tif,10300100C46F5900_2_30_35.tif,2_30_35,0
0.15071131,0.6784314,0.09515159,-0.13950737,-0.13405184,0,1,False,10300100AF395C00_2_30_37.tif,10300100C46F5900_2_30_37.tif,2_30_37,0
0.12927544,0.6745098,0.09273891,0.013655151,0.008666097,2,4,False,10300100AF395C00_2_30_38.tif,10300100C46F5900_2_30_38.tif,2_30_38,0
